<metadata xml:lang="en"><Esri><CreaDate>20200127</CreaDate><CreaTime>13300200</CreaTime><ArcGISFormat>1.0</ArcGISFormat><SyncOnce>FALSE</SyncOnce><DataProperties><itemProps><itemName Sync="TRUE">SchoolData</itemName><imsContentType Sync="TRUE">002</imsContentType><itemLocation><linkage Sync="TRUE">file://\\LAP-BLR-68961\E$\Karnataka Urban Observatory\KarnatakaSchoolData\SchoolData.shp</linkage><protocol Sync="TRUE">Local Area Network</protocol></itemLocation><itemSize Sync="TRUE">0.000</itemSize></itemProps><coordRef><type Sync="TRUE">Projected</type><geogcsn Sync="TRUE">GCS_WGS_1984</geogcsn><csUnits Sync="TRUE">Linear Unit: Meter (1.000000)</csUnits><projcsn Sync="TRUE">WGS_1984_UTM_Zone_43N</projcsn><peXml Sync="TRUE">&lt;ProjectedCoordinateSystem xsi:type='typens:ProjectedCoordinateSystem' xmlns:xsi='http://www.w3.org/2001/XMLSchema-instance' xmlns:xs='http://www.w3.org/2001/XMLSchema' xmlns:typens='http://www.esri.com/schemas/ArcGIS/2.7.0'&gt;&lt;WKT&gt;PROJCS[&amp;quot;WGS_1984_UTM_Zone_43N&amp;quot;,GEOGCS[&amp;quot;GCS_WGS_1984&amp;quot;,DATUM[&amp;quot;D_WGS_1984&amp;quot;,SPHEROID[&amp;quot;WGS_1984&amp;quot;,6378137.0,298.257223563]],PRIMEM[&amp;quot;Greenwich&amp;quot;,0.0],UNIT[&amp;quot;Degree&amp;quot;,0.0174532925199433]],PROJECTION[&amp;quot;Transverse_Mercator&amp;quot;],PARAMETER[&amp;quot;False_Easting&amp;quot;,500000.0],PARAMETER[&amp;quot;False_Northing&amp;quot;,0.0],PARAMETER[&amp;quot;Central_Meridian&amp;quot;,75.0],PARAMETER[&amp;quot;Scale_Factor&amp;quot;,0.9996],PARAMETER[&amp;quot;Latitude_Of_Origin&amp;quot;,0.0],UNIT[&amp;quot;Meter&amp;quot;,1.0],AUTHORITY[&amp;quot;EPSG&amp;quot;,32643]]&lt;/WKT&gt;&lt;XOrigin&gt;-5120900&lt;/XOrigin&gt;&lt;YOrigin&gt;-9998100&lt;/YOrigin&gt;&lt;XYScale&gt;450445547.3910538&lt;/XYScale&gt;&lt;ZOrigin&gt;-100000&lt;/ZOrigin&gt;&lt;ZScale&gt;10000&lt;/ZScale&gt;&lt;MOrigin&gt;-100000&lt;/MOrigin&gt;&lt;MScale&gt;10000&lt;/MScale&gt;&lt;XYTolerance&gt;0.001&lt;/XYTolerance&gt;&lt;ZTolerance&gt;0.001&lt;/ZTolerance&gt;&lt;MTolerance&gt;0.001&lt;/MTolerance&gt;&lt;HighPrecision&gt;true&lt;/HighPrecision&gt;&lt;WKID&gt;32643&lt;/WKID&gt;&lt;LatestWKID&gt;32643&lt;/LatestWKID&gt;&lt;/ProjectedCoordinateSystem&gt;</peXml></coordRef><lineage><Process ToolSource="c:\program files (x86)\arcgis\desktop10.6\ArcToolbox\Toolboxes\Conversion Tools.tbx\FeatureClassToFeatureClass" Date="20200127" Time="133010">FeatureClassToFeatureClass "E:\Karnataka Urban Observatory\Data\SCHOOL.gdb\SCH" "E:\Karnataka Urban Observatory\KarnatakaData.gdb" KarnatakaSchoolData # "OBJECTID "OBJECTID" true false false 4 Long 0 0 ,First,#,E:\Karnataka Urban Observatory\Data\SCHOOL.gdb\SCH,OBJECTID,-1,-1;KGISSCHID "KGISSCHID" true true false 5 Text 0 0 ,First,#,E:\Karnataka Urban Observatory\Data\SCHOOL.gdb\SCH,KGISSCHID,-1,-1;DepartmentCode "DepartmentCode" true false false 11 Text 0 0 ,First,#,E:\Karnataka Urban Observatory\Data\SCHOOL.gdb\SCH,DepartmentCode,-1,-1;SCHName "SCHName" true true false 100 Text 0 0 ,First,#,E:\Karnataka Urban Observatory\Data\SCHOOL.gdb\SCH,SCHName,-1,-1;KGISVillageID "KGISVillageID" true true false 4 Long 0 0 ,First,#,E:\Karnataka Urban Observatory\Data\SCHOOL.gdb\SCH,KGISVillageID,-1,-1;KGISWardID "KGISWardID" true true false 4 Text 0 0 ,First,#,E:\Karnataka Urban Observatory\Data\SCHOOL.gdb\SCH,KGISWardID,-1,-1;KGISCode "KGISCode" true true false 37 Text 0 0 ,First,#,E:\Karnataka Urban Observatory\Data\SCHOOL.gdb\SCH,KGISCode,-1,-1" #</Process><Process ToolSource="c:\program files\arcgis\pro\Resources\ArcToolbox\toolboxes\Conversion Tools.tbx\FeatureClassToFeatureClass" Date="20211014" Time="224818">FeatureClassToFeatureClass KarnatakaSchoolData "E:\Karnataka Urban Observatory\SchoolData.gdb" KarnatakaSchoolData # "OBJECTID "OBJECTID" true true false 4 Long 0 0,First,#,KarnatakaSchoolData,OBJECTID,-1,-1;KGISSCHID "KGISSCHID" true true false 5 Text 0 0,First,#,KarnatakaSchoolData,KGISSCHID,0,5;DepartmentCode "DepartmentCode" true true false 11 Text 0 0,First,#,KarnatakaSchoolData,DepartmentCode,0,11;SCHName "SCHName" true true false 100 Text 0 0,First,#,KarnatakaSchoolData,SCHName,0,100;KGISVillageID "KGISVillageID" true true false 4 Long 0 0,First,#,KarnatakaSchoolData,KGISVillageID,-1,-1;KGISWardID "KGISWardID" true true false 4 Text 0 0,First,#,KarnatakaSchoolData,KGISWardID,0,4;KGISCode "KGISCode" true true false 37 Text 0 0,First,#,KarnatakaSchoolData,KGISCode,0,37" #</Process><Process ToolSource="c:\program files\arcgis\pro\Resources\ArcToolbox\toolboxes\Data Management Tools.tbx\JoinField" Date="20211014" Time="225217">JoinField KarnatakaSchoolData DepartmentCode SCH_DETAIL_TBL SCHCD #</Process><Process ToolSource="c:\program files\arcgis\pro\Resources\ArcToolbox\toolboxes\Data Management Tools.tbx\DeleteField" Date="20211014" Time="231810">DeleteField KarnatakaSchoolData MEDINSTR1</Process><Process ToolSource="c:\program files\arcgis\pro\Resources\ArcToolbox\toolboxes\Conversion Tools.tbx\FeatureClassToFeatureClass" Date="20211014" Time="232122">FeatureClassToFeatureClass KarnatakaSchoolData "E:\Karnataka Urban Observatory\KarnatakaSchoolData" SchoolData.shp # "OBJECTID "OBJECTID" true true false 4 Long 0 0,First,#,KarnatakaSchoolData,OBJECTID,-1,-1;KGISSCHID "KGISSCHID" true true false 5 Text 0 0,First,#,KarnatakaSchoolData,KGISSCHID,0,5;DepartmentCode "DepartmentCode" true true false 11 Text 0 0,First,#,KarnatakaSchoolData,DepartmentCode,0,11;SCHName "SCHName" true true false 100 Text 0 0,First,#,KarnatakaSchoolData,SCHName,0,100;KGISVillageID "KGISVillageID" true true false 4 Long 0 0,First,#,KarnatakaSchoolData,KGISVillageID,-1,-1;KGISWardID "KGISWardID" true true false 4 Text 0 0,First,#,KarnatakaSchoolData,KGISWardID,0,4;KGISCode "KGISCode" true true false 37 Text 0 0,First,#,KarnatakaSchoolData,KGISCode,0,37;DISTCD "DISTCD" true true false 254 Text 0 0,First,#,KarnatakaSchoolData,DISTCD,0,254;DISTNAME "DISTNAME" true true false 254 Text 0 0,First,#,KarnatakaSchoolData,DISTNAME,0,254;BLKCD "BLKCD" true true false 254 Text 0 0,First,#,KarnatakaSchoolData,BLKCD,0,254;BLKNAME "BLKNAME" true true false 254 Text 0 0,First,#,KarnatakaSchoolData,BLKNAME,0,254;CLUCD "CLUCD" true true false 254 Text 0 0,First,#,KarnatakaSchoolData,CLUCD,0,254;CLUNAME "CLUNAME" true true false 254 Text 0 0,First,#,KarnatakaSchoolData,CLUNAME,0,254;SCHCD "SCHCD" true true false 11 Text 0 0,First,#,KarnatakaSchoolData,SCHCD,0,11;SCHNAME_1 "SCHNAME" true true false 254 Text 0 0,First,#,KarnatakaSchoolData,SCHNAME_1,0,254;MOBILE1 "MOBILE1" true true false 254 Text 0 0,First,#,KarnatakaSchoolData,MOBILE1,0,254;POSTALADDR "POSTALADDR" true true false 254 Text 0 0,First,#,KarnatakaSchoolData,POSTALADDR,0,254;ACONSTCD "ACONSTCD" true true false 254 Text 0 0,First,#,KarnatakaSchoolData,ACONSTCD,0,254;CONSTNAME "CONSTNAME" true true false 254 Text 0 0,First,#,KarnatakaSchoolData,CONSTNAME,0,254;PANCD "PANCD" true true false 254 Text 0 0,First,#,KarnatakaSchoolData,PANCD,0,254;PANNAME "PANNAME" true true false 254 Text 0 0,First,#,KarnatakaSchoolData,PANNAME,0,254;SCHMGT_DES "SCHMGT_DES" true true false 254 Text 0 0,First,#,KarnatakaSchoolData,SCHMGT_DES,0,254;SCHCAT_DES "SCHCAT_DES" true true false 254 Text 0 0,First,#,KarnatakaSchoolData,SCHCAT_DES,0,254;SCHTYPE "SCHTYPE" true true false 254 Text 0 0,First,#,KarnatakaSchoolData,SCHTYPE,0,254;BOYS15 "BOYS15" true true false 8 Double 0 0,First,#,KarnatakaSchoolData,BOYS15,-1,-1;GIRLS15 "GIRLS15" true true false 8 Double 0 0,First,#,KarnatakaSchoolData,GIRLS15,-1,-1;TOTAL15 "TOTAL15" true true false 8 Double 0 0,First,#,KarnatakaSchoolData,TOTAL15,-1,-1;BOYS68 "BOYS68" true true false 8 Double 0 0,First,#,KarnatakaSchoolData,BOYS68,-1,-1;GIRLS68 "GIRLS68" true true false 8 Double 0 0,First,#,KarnatakaSchoolData,GIRLS68,-1,-1;TOTAL68 "TOTAL68" true true false 8 Double 0 0,First,#,KarnatakaSchoolData,TOTAL68,-1,-1;BOYS910 "BOYS910" true true false 8 Double 0 0,First,#,KarnatakaSchoolData,BOYS910,-1,-1;GIRLS910 "GIRLS910" true true false 8 Double 0 0,First,#,KarnatakaSchoolData,GIRLS910,-1,-1;TOTAL910 "TOTAL910" true true false 8 Double 0 0,First,#,KarnatakaSchoolData,TOTAL910,-1,-1;BOYALL110 "BOYALL110" true true false 8 Double 0 0,First,#,KarnatakaSchoolData,BOYALL110,-1,-1;GIRLSALL11 "GIRLSALL11" true true false 8 Double 0 0,First,#,KarnatakaSchoolData,GIRLSALL11,-1,-1;TOTALALL11 "TOTALALL11" true true false 8 Double 0 0,First,#,KarnatakaSchoolData,TOTALALL11,-1,-1;SANCTPRI "SANCTPRI" true true false 8 Double 0 0,First,#,KarnatakaSchoolData,SANCTPRI,-1,-1;WORKPRI "WORKPRI" true true false 8 Double 0 0,First,#,KarnatakaSchoolData,WORKPRI,-1,-1;CLROOMS "CLROOMS" true true false 8 Double 0 0,First,#,KarnatakaSchoolData,CLROOMS,-1,-1;BLDSTATUS_ "BLDSTATUS_" true true false 254 Text 0 0,First,#,KarnatakaSchoolData,BLDSTATUS_,0,254;MEDIUM1 "MEDIUM1" true true false 254 Text 0 0,First,#,KarnatakaSchoolData,MEDIUM1,0,254;MEDIUM2 "MEDIUM2" true true false 254 Text 0 0,First,#,KarnatakaSchoolData,MEDIUM2,0,254;MEDIUM3 "MEDIUM3" true true false 254 Text 0 0,First,#,KarnatakaSchoolData,MEDIUM3,0,254;MEDIUM4 "MEDIUM4" true true false 254 Text 0 0,First,#,KarnatakaSchoolData,MEDIUM4,0,254;BOYS_TOILE "BOYS_TOILE" true true false 254 Text 0 0,First,#,KarnatakaSchoolData,BOYS_TOILE,0,254;GIRLS_TOIL "GIRLS_TOIL" true true false 254 Text 0 0,First,#,KarnatakaSchoolData,GIRLS_TOIL,0,254;ELECTRICIT "ELECTRICIT" true true false 254 Text 0 0,First,#,KarnatakaSchoolData,ELECTRICIT,0,254;PLAYGROUND "PLAYGROUND" true true false 254 Text 0 0,First,#,KarnatakaSchoolData,PLAYGROUND,0,254;RAMPSREQUI "RAMPSREQUI" true true false 254 Text 0 0,First,#,KarnatakaSchoolData,RAMPSREQUI,0,254;RAMPSYESNO "RAMPSYESNO" true true false 254 Text 0 0,First,#,KarnatakaSchoolData,RAMPSYESNO,0,254;LIBRARYBOO "LIBRARYBOO" true true false 254 Text 0 0,First,#,KarnatakaSchoolData,LIBRARYBOO,0,254;BOUNDARYWA "BOUNDARYWA" true true false 254 Text 0 0,First,#,KarnatakaSchoolData,BOUNDARYWA,0,254;DRINKINGWA "DRINKINGWA" true true false 254 Text 0 0,First,#,KarnatakaSchoolData,DRINKINGWA,0,254;TOILETCWSN "TOILETCWSN" true true false 254 Text 0 0,First,#,KarnatakaSchoolData,TOILETCWSN,0,254;ALLC1B "ALLC1B" true true false 8 Double 0 0,First,#,KarnatakaSchoolData,ALLC1B,-1,-1;ALLC1G "ALLC1G" true true false 8 Double 0 0,First,#,KarnatakaSchoolData,ALLC1G,-1,-1;ALLC2B "ALLC2B" true true false 8 Double 0 0,First,#,KarnatakaSchoolData,ALLC2B,-1,-1;ALLC2G "ALLC2G" true true false 8 Double 0 0,First,#,KarnatakaSchoolData,ALLC2G,-1,-1;ALLC3B "ALLC3B" true true false 8 Double 0 0,First,#,KarnatakaSchoolData,ALLC3B,-1,-1;ALLC3G "ALLC3G" true true false 8 Double 0 0,First,#,KarnatakaSchoolData,ALLC3G,-1,-1;ALLC4B "ALLC4B" true true false 8 Double 0 0,First,#,KarnatakaSchoolData,ALLC4B,-1,-1;ALLC4G "ALLC4G" true true false 8 Double 0 0,First,#,KarnatakaSchoolData,ALLC4G,-1,-1;ALLC5B "ALLC5B" true true false 8 Double 0 0,First,#,KarnatakaSchoolData,ALLC5B,-1,-1;ALLC5G "ALLC5G" true true false 8 Double 0 0,First,#,KarnatakaSchoolData,ALLC5G,-1,-1;ALLC6B "ALLC6B" true true false 8 Double 0 0,First,#,KarnatakaSchoolData,ALLC6B,-1,-1;ALLC6G "ALLC6G" true true false 8 Double 0 0,First,#,KarnatakaSchoolData,ALLC6G,-1,-1;ALLC7B "ALLC7B" true true false 8 Double 0 0,First,#,KarnatakaSchoolData,ALLC7B,-1,-1;ALLC7G "ALLC7G" true true false 8 Double 0 0,First,#,KarnatakaSchoolData,ALLC7G,-1,-1;ALLC8B "ALLC8B" true true false 8 Double 0 0,First,#,KarnatakaSchoolData,ALLC8B,-1,-1;ALLC8G "ALLC8G" true true false 8 Double 0 0,First,#,KarnatakaSchoolData,ALLC8G,-1,-1;ALLC9B "ALLC9B" true true false 8 Double 0 0,First,#,KarnatakaSchoolData,ALLC9B,-1,-1;ALLC9G "ALLC9G" true true false 8 Double 0 0,First,#,KarnatakaSchoolData,ALLC9G,-1,-1;ALLC10B "ALLC10B" true true false 8 Double 0 0,First,#,KarnatakaSchoolData,ALLC10B,-1,-1;ALLC10G "ALLC10G" true true false 8 Double 0 0,First,#,KarnatakaSchoolData,ALLC10G,-1,-1;GENC1B "GENC1B" true true false 8 Double 0 0,First,#,KarnatakaSchoolData,GENC1B,-1,-1;GENC1G "GENC1G" true true false 8 Double 0 0,First,#,KarnatakaSchoolData,GENC1G,-1,-1;GENC2B "GENC2B" true true false 8 Double 0 0,First,#,KarnatakaSchoolData,GENC2B,-1,-1;GENC2G "GENC2G" true true false 8 Double 0 0,First,#,KarnatakaSchoolData,GENC2G,-1,-1;GENC3B "GENC3B" true true false 8 Double 0 0,First,#,KarnatakaSchoolData,GENC3B,-1,-1;GENC3G "GENC3G" true true false 8 Double 0 0,First,#,KarnatakaSchoolData,GENC3G,-1,-1;GENC4B "GENC4B" true true false 8 Double 0 0,First,#,KarnatakaSchoolData,GENC4B,-1,-1;GENC4G "GENC4G" true true false 8 Double 0 0,First,#,KarnatakaSchoolData,GENC4G,-1,-1;GENC5B "GENC5B" true true false 8 Double 0 0,First,#,KarnatakaSchoolData,GENC5B,-1,-1;GENC5G "GENC5G" true true false 8 Double 0 0,First,#,KarnatakaSchoolData,GENC5G,-1,-1;GENC6B "GENC6B" true true false 8 Double 0 0,First,#,KarnatakaSchoolData,GENC6B,-1,-1;GENC6G "GENC6G" true true false 8 Double 0 0,First,#,KarnatakaSchoolData,GENC6G,-1,-1;GENC7B "GENC7B" true true false 8 Double 0 0,First,#,KarnatakaSchoolData,GENC7B,-1,-1;GENC7G "GENC7G" true true false 8 Double 0 0,First,#,KarnatakaSchoolData,GENC7G,-1,-1;GENC8B "GENC8B" true true false 8 Double 0 0,First,#,KarnatakaSchoolData,GENC8B,-1,-1;GENC8G "GENC8G" true true false 8 Double 0 0,First,#,KarnatakaSchoolData,GENC8G,-1,-1;GENC9B "GENC9B" true true false 8 Double 0 0,First,#,KarnatakaSchoolData,GENC9B,-1,-1;GENC9G "GENC9G" true true false 8 Double 0 0,First,#,KarnatakaSchoolData,GENC9G,-1,-1;GENC10B "GENC10B" true true false 8 Double 0 0,First,#,KarnatakaSchoolData,GENC10B,-1,-1;GENC10G "GENC10G" true true false 8 Double 0 0,First,#,KarnatakaSchoolData,GENC10G,-1,-1;SCC1B "SCC1B" true true false 8 Double 0 0,First,#,KarnatakaSchoolData,SCC1B,-1,-1;SCC1G "SCC1G" true true false 8 Double 0 0,First,#,KarnatakaSchoolData,SCC1G,-1,-1;SCC2B "SCC2B" true true false 8 Double 0 0,First,#,KarnatakaSchoolData,SCC2B,-1,-1;SCC2G "SCC2G" true true false 8 Double 0 0,First,#,KarnatakaSchoolData,SCC2G,-1,-1;SCC3B "SCC3B" true true false 8 Double 0 0,First,#,KarnatakaSchoolData,SCC3B,-1,-1;SCC3G "SCC3G" true true false 8 Double 0 0,First,#,KarnatakaSchoolData,SCC3G,-1,-1;SCC4B "SCC4B" true true false 8 Double 0 0,First,#,KarnatakaSchoolData,SCC4B,-1,-1;SCC4G "SCC4G" true true false 8 Double 0 0,First,#,KarnatakaSchoolData,SCC4G,-1,-1;SCC5B "SCC5B" true true false 8 Double 0 0,First,#,KarnatakaSchoolData,SCC5B,-1,-1;SCC5G "SCC5G" true true false 8 Double 0 0,First,#,KarnatakaSchoolData,SCC5G,-1,-1;SCC6B "SCC6B" true true false 8 Double 0 0,First,#,KarnatakaSchoolData,SCC6B,-1,-1;SCC6G "SCC6G" true true false 8 Double 0 0,First,#,KarnatakaSchoolData,SCC6G,-1,-1;SCC7B "SCC7B" true true false 8 Double 0 0,First,#,KarnatakaSchoolData,SCC7B,-1,-1;SCC7G "SCC7G" true true false 8 Double 0 0,First,#,KarnatakaSchoolData,SCC7G,-1,-1;SCC8B "SCC8B" true true false 8 Double 0 0,First,#,KarnatakaSchoolData,SCC8B,-1,-1;SCC8G "SCC8G" true true false 8 Double 0 0,First,#,KarnatakaSchoolData,SCC8G,-1,-1;SCC9B "SCC9B" true true false 8 Double 0 0,First,#,KarnatakaSchoolData,SCC9B,-1,-1;SCC9G "SCC9G" true true false 8 Double 0 0,First,#,KarnatakaSchoolData,SCC9G,-1,-1;SCC10B "SCC10B" true true false 8 Double 0 0,First,#,KarnatakaSchoolData,SCC10B,-1,-1;SCC10G "SCC10G" true true false 8 Double 0 0,First,#,KarnatakaSchoolData,SCC10G,-1,-1;STC1B "STC1B" true true false 8 Double 0 0,First,#,KarnatakaSchoolData,STC1B,-1,-1;STC1G "STC1G" true true false 8 Double 0 0,First,#,KarnatakaSchoolData,STC1G,-1,-1;STC2B "STC2B" true true false 8 Double 0 0,First,#,KarnatakaSchoolData,STC2B,-1,-1;STC2G "STC2G" true true false 8 Double 0 0,First,#,KarnatakaSchoolData,STC2G,-1,-1;STC3B "STC3B" true true false 8 Double 0 0,First,#,KarnatakaSchoolData,STC3B,-1,-1;STC3G "STC3G" true true false 8 Double 0 0,First,#,KarnatakaSchoolData,STC3G,-1,-1;STC4B "STC4B" true true false 8 Double 0 0,First,#,KarnatakaSchoolData,STC4B,-1,-1;STC4G "STC4G" true true false 8 Double 0 0,First,#,KarnatakaSchoolData,STC4G,-1,-1;STC5B "STC5B" true true false 8 Double 0 0,First,#,KarnatakaSchoolData,STC5B,-1,-1;STC5G "STC5G" true true false 8 Double 0 0,First,#,KarnatakaSchoolData,STC5G,-1,-1;STC6B "STC6B" true true false 8 Double 0 0,First,#,KarnatakaSchoolData,STC6B,-1,-1;STC6G "STC6G" true true false 8 Double 0 0,First,#,KarnatakaSchoolData,STC6G,-1,-1;STC7B "STC7B" true true false 8 Double 0 0,First,#,KarnatakaSchoolData,STC7B,-1,-1;STC7G "STC7G" true true false 8 Double 0 0,First,#,KarnatakaSchoolData,STC7G,-1,-1;STC8B "STC8B" true true false 8 Double 0 0,First,#,KarnatakaSchoolData,STC8B,-1,-1;STC8G "STC8G" true true false 8 Double 0 0,First,#,KarnatakaSchoolData,STC8G,-1,-1;STC9B "STC9B" true true false 8 Double 0 0,First,#,KarnatakaSchoolData,STC9B,-1,-1;STC9G "STC9G" true true false 8 Double 0 0,First,#,KarnatakaSchoolData,STC9G,-1,-1;STC10B "STC10B" true true false 8 Double 0 0,First,#,KarnatakaSchoolData,STC10B,-1,-1;STC10G "STC10G" true true false 8 Double 0 0,First,#,KarnatakaSchoolData,STC10G,-1,-1;OBCC1B "OBCC1B" true true false 8 Double 0 0,First,#,KarnatakaSchoolData,OBCC1B,-1,-1;OBCC1G "OBCC1G" true true false 8 Double 0 0,First,#,KarnatakaSchoolData,OBCC1G,-1,-1;OBCC2B "OBCC2B" true true false 8 Double 0 0,First,#,KarnatakaSchoolData,OBCC2B,-1,-1;OBCC2G "OBCC2G" true true false 8 Double 0 0,First,#,KarnatakaSchoolData,OBCC2G,-1,-1;OBCC3B "OBCC3B" true true false 8 Double 0 0,First,#,KarnatakaSchoolData,OBCC3B,-1,-1;OBCC3G "OBCC3G" true true false 8 Double 0 0,First,#,KarnatakaSchoolData,OBCC3G,-1,-1;OBCC4B "OBCC4B" true true false 8 Double 0 0,First,#,KarnatakaSchoolData,OBCC4B,-1,-1;OBCC4G "OBCC4G" true true false 8 Double 0 0,First,#,KarnatakaSchoolData,OBCC4G,-1,-1;OBCC5B "OBCC5B" true true false 8 Double 0 0,First,#,KarnatakaSchoolData,OBCC5B,-1,-1;OBCC5G "OBCC5G" true true false 8 Double 0 0,First,#,KarnatakaSchoolData,OBCC5G,-1,-1;OBCC6B "OBCC6B" true true false 8 Double 0 0,First,#,KarnatakaSchoolData,OBCC6B,-1,-1;OBCC6G "OBCC6G" true true false 8 Double 0 0,First,#,KarnatakaSchoolData,OBCC6G,-1,-1;OBCC7B "OBCC7B" true true false 8 Double 0 0,First,#,KarnatakaSchoolData,OBCC7B,-1,-1;OBCC7G "OBCC7G" true true false 8 Double 0 0,First,#,KarnatakaSchoolData,OBCC7G,-1,-1;OBCC8B "OBCC8B" true true false 8 Double 0 0,First,#,KarnatakaSchoolData,OBCC8B,-1,-1;OBCC8G "OBCC8G" true true false 8 Double 0 0,First,#,KarnatakaSchoolData,OBCC8G,-1,-1;OBCC9B "OBCC9B" true true false 8 Double 0 0,First,#,KarnatakaSchoolData,OBCC9B,-1,-1;OBCC9G "OBCC9G" true true false 8 Double 0 0,First,#,KarnatakaSchoolData,OBCC9G,-1,-1;OBCC10B "OBCC10B" true true false 8 Double 0 0,First,#,KarnatakaSchoolData,OBCC10B,-1,-1;OBCC10G "OBCC10G" true true false 8 Double 0 0,First,#,KarnatakaSchoolData,OBCC10G,-1,-1;MUSLIMC1B "MUSLIMC1B" true true false 8 Double 0 0,First,#,KarnatakaSchoolData,MUSLIMC1B,-1,-1;MUSLIMC1G "MUSLIMC1G" true true false 8 Double 0 0,First,#,KarnatakaSchoolData,MUSLIMC1G,-1,-1;MUSLIMC2B "MUSLIMC2B" true true false 8 Double 0 0,First,#,KarnatakaSchoolData,MUSLIMC2B,-1,-1;MUSLIMC2G "MUSLIMC2G" true true false 8 Double 0 0,First,#,KarnatakaSchoolData,MUSLIMC2G,-1,-1;MUSLIMC3B "MUSLIMC3B" true true false 8 Double 0 0,First,#,KarnatakaSchoolData,MUSLIMC3B,-1,-1;MUSLIMC3G "MUSLIMC3G" true true false 8 Double 0 0,First,#,KarnatakaSchoolData,MUSLIMC3G,-1,-1;MUSLIMC4B "MUSLIMC4B" true true false 8 Double 0 0,First,#,KarnatakaSchoolData,MUSLIMC4B,-1,-1;MUSLIMC4G "MUSLIMC4G" true true false 8 Double 0 0,First,#,KarnatakaSchoolData,MUSLIMC4G,-1,-1;MUSLIMC5B "MUSLIMC5B" true true false 8 Double 0 0,First,#,KarnatakaSchoolData,MUSLIMC5B,-1,-1;MUSLIMC5G "MUSLIMC5G" true true false 8 Double 0 0,First,#,KarnatakaSchoolData,MUSLIMC5G,-1,-1;MUSLIMC6B "MUSLIMC6B" true true false 8 Double 0 0,First,#,KarnatakaSchoolData,MUSLIMC6B,-1,-1;MUSLIMC6G "MUSLIMC6G" true true false 8 Double 0 0,First,#,KarnatakaSchoolData,MUSLIMC6G,-1,-1;MUSLIMC7B "MUSLIMC7B" true true false 8 Double 0 0,First,#,KarnatakaSchoolData,MUSLIMC7B,-1,-1;MUSLIMC7G "MUSLIMC7G" true true false 8 Double 0 0,First,#,KarnatakaSchoolData,MUSLIMC7G,-1,-1;MUSLIMC8B "MUSLIMC8B" true true false 8 Double 0 0,First,#,KarnatakaSchoolData,MUSLIMC8B,-1,-1;MUSLIMC8G "MUSLIMC8G" true true false 8 Double 0 0,First,#,KarnatakaSchoolData,MUSLIMC8G,-1,-1;MUSLIMC9B "MUSLIMC9B" true true false 8 Double 0 0,First,#,KarnatakaSchoolData,MUSLIMC9B,-1,-1;MUSLIMC9G "MUSLIMC9G" true true false 8 Double 0 0,First,#,KarnatakaSchoolData,MUSLIMC9G,-1,-1;MUSLIMC10B "MUSLIMC10B" true true false 8 Double 0 0,First,#,KarnatakaSchoolData,MUSLIMC10B,-1,-1;MUSLIMC10G "MUSLIMC10G" true true false 8 Double 0 0,First,#,KarnatakaSchoolData,MUSLIMC10G,-1,-1" #</Process></lineage><LayerFile>{"type":"CIMLayerDocument","version":"2.7.0","build":26828,"layers":["CIMPATH=Map/124319230e0d47cfbb867005f994d9c7.xml"],"layerDefinitions":[{"type":"CIMFeatureLayer","name":"SchoolData","uRI":"CIMPATH=Map/124319230e0d47cfbb867005f994d9c7.xml","sourceModifiedTime":{"type":"TimeInstant"},"useSourceMetadata":true,"description":"KarnatakaSchoolData","layerElevation":{"type":"CIMLayerElevationSurface"},"expanded":true,"layer3DProperties":{"type":"CIM3DLayerProperties","castShadows":true,"isLayerLit":true,"layerFaceCulling":"None","maxDistance":-1,"minDistance":-1,"preloadTextureCutoffHigh":0,"preloadTextureCutoffLow":0.25,"textureCutoffHigh":0.25,"textureCutoffLow":1,"useCompressedTextures":true,"verticalExaggeration":1,"exaggerationMode":"ScaleZ","verticalUnit":{"uwkid":9001},"lighting":"OneSideDataNormal"},"layerType":"Operational","showLegends":true,"visibility":true,"displayCacheType":"Permanent","maxDisplayCacheAge":5,"showPopups":true,"serviceLayerID":-1,"refreshRate":-1,"refreshRateUnit":"esriTimeUnitsSeconds","blendingMode":"Alpha","autoGenerateFeatureTemplates":true,"featureElevationExpression":"Shape.Z","featureTable":{"type":"CIMFeatureTable","displayField":"SCHName","editable":true,"dataConnection":{"type":"CIMStandardDataConnection","workspaceConnectionString":"DATABASE=E:\\Karnataka Urban Observatory\\KarnatakaSchoolData","workspaceFactory":"Shapefile","dataset":"SchoolData","datasetType":"esriDTFeatureClass"},"studyAreaSpatialRel":"esriSpatialRelUndefined","searchOrder":"esriSearchOrderSpatial"},"htmlPopupEnabled":true,"selectable":true,"featureCacheType":"Session","displayFiltersType":"ByScale","featureBlendingMode":"Alpha","labelClasses":[{"type":"CIMLabelClass","expressionTitle":"Custom","expression":"$feature.SCHName","expressionEngine":"Arcade","featuresToLabel":"AllVisibleFeatures","maplexLabelPlacementProperties":{"type":"CIMMaplexLabelPlacementProperties","featureType":"Point","avoidPolygonHoles":true,"canOverrunFeature":true,"canPlaceLabelOutsidePolygon":true,"canRemoveOverlappingLabel":true,"canStackLabel":true,"connectionType":"Unambiguous","constrainOffset":"NoConstraint","contourAlignmentType":"Page","contourLadderType":"Straight","contourMaximumAngle":90,"enableConnection":true,"enablePointPlacementPriorities":true,"featureWeight":0,"fontHeightReductionLimit":4,"fontHeightReductionStep":0.5,"fontWidthReductionLimit":90,"fontWidthReductionStep":5,"graticuleAlignmentType":"Straight","keyNumberGroupName":"Default","labelBuffer":15,"labelLargestPolygon":true,"labelPriority":-1,"labelStackingProperties":{"type":"CIMMaplexLabelStackingProperties","stackAlignment":"ChooseBest","maximumNumberOfLines":3,"minimumNumberOfCharsPerLine":3,"maximumNumberOfCharsPerLine":24,"separators":[{"type":"CIMMaplexStackingSeparator","separator":" ","splitAfter":true},{"type":"CIMMaplexStackingSeparator","separator":",","visible":true,"splitAfter":true}]},"lineFeatureType":"General","linePlacementMethod":"OffsetCurvedFromLine","maximumLabelOverrun":36,"maximumLabelOverrunUnit":"Point","minimumFeatureSizeUnit":"Map","multiPartOption":"OneLabelPerPart","offsetAlongLineProperties":{"type":"CIMMaplexOffsetAlongLineProperties","placementMethod":"BestPositionAlongLine","labelAnchorPoint":"CenterOfLabel","distanceUnit":"Percentage","useLineDirection":true},"pointExternalZonePriorities":{"type":"CIMMaplexExternalZonePriorities","aboveLeft":4,"aboveCenter":2,"aboveRight":1,"centerRight":3,"belowRight":5,"belowCenter":7,"belowLeft":8,"centerLeft":6},"pointPlacementMethod":"AroundPoint","polygonAnchorPointType":"GeometricCenter","polygonBoundaryWeight":0,"polygonExternalZones":{"type":"CIMMaplexExternalZonePriorities","aboveLeft":4,"aboveCenter":2,"aboveRight":1,"centerRight":3,"belowRight":5,"belowCenter":7,"belowLeft":8,"centerLeft":6},"polygonFeatureType":"General","polygonInternalZones":{"type":"CIMMaplexInternalZonePriorities","center":1},"polygonPlacementMethod":"CurvedInPolygon","primaryOffset":1,"primaryOffsetUnit":"Point","removeExtraWhiteSpace":true,"repetitionIntervalUnit":"Point","rotationProperties":{"type":"CIMMaplexRotationProperties","rotationType":"Arithmetic","alignmentType":"Straight"},"secondaryOffset":100,"strategyPriorities":{"type":"CIMMaplexStrategyPriorities","stacking":1,"overrun":2,"fontCompression":3,"fontReduction":4,"abbreviation":5},"thinningDistanceUnit":"Point","truncationMarkerCharacter":".","truncationMinimumLength":1,"truncationPreferredCharacters":"aeiou","truncationExcludedCharacters":"0123456789","polygonAnchorPointPerimeterInsetUnit":"Point"},"name":"Class 1","priority":-1,"standardLabelPlacementProperties":{"type":"CIMStandardLabelPlacementProperties","featureType":"Line","featureWeight":"None","labelWeight":"High","numLabelsOption":"OneLabelPerName","lineLabelPosition":{"type":"CIMStandardLineLabelPosition","above":true,"inLine":true,"parallel":true},"lineLabelPriorities":{"type":"CIMStandardLineLabelPriorities","aboveStart":3,"aboveAlong":3,"aboveEnd":3,"centerStart":3,"centerAlong":3,"centerEnd":3,"belowStart":3,"belowAlong":3,"belowEnd":3},"pointPlacementMethod":"AroundPoint","pointPlacementPriorities":{"type":"CIMStandardPointPlacementPriorities","aboveLeft":2,"aboveCenter":2,"aboveRight":1,"centerLeft":3,"centerRight":2,"belowLeft":3,"belowCenter":3,"belowRight":2},"rotationType":"Arithmetic","polygonPlacementMethod":"AlwaysHorizontal"},"textSymbol":{"type":"CIMSymbolReference","symbol":{"type":"CIMTextSymbol","blockProgression":"TTB","depth3D":1,"extrapolateBaselines":true,"fontEffects":"Normal","fontEncoding":"Unicode","fontFamilyName":"Tahoma","fontStyleName":"Regular","fontType":"Unspecified","haloSize":1,"height":10,"hinting":"Default","horizontalAlignment":"Left","kerning":true,"letterWidth":100,"ligatures":true,"lineGapType":"ExtraLeading","symbol":{"type":"CIMPolygonSymbol","symbolLayers":[{"type":"CIMSolidFill","enable":true,"color":{"type":"CIMRGBColor","values":[0,0,0,100]}}]},"textCase":"Normal","textDirection":"LTR","verticalAlignment":"Bottom","verticalGlyphOrientation":"Right","wordSpacing":100,"billboardMode3D":"FaceNearPlane"}},"useCodedValue":true,"visibility":true,"iD":-1}],"renderer":{"type":"CIMSimpleRenderer","patch":"Default","symbol":{"type":"CIMSymbolReference","symbol":{"type":"CIMPointSymbol","symbolLayers":[{"type":"CIMVectorMarker","enable":true,"anchorPoint":{"x":0,"y":0,"z":-0.5},"anchorPointUnits":"Relative","dominantSizeAxis3D":"Z","size":4,"billboardMode3D":"FaceNearPlane","frame":{"xmin":-2,"ymin":-2,"xmax":2,"ymax":2},"markerGraphics":[{"type":"CIMMarkerGraphic","geometry":{"curveRings":[[[1.2246467991473532e-16,2],{"a":[[1.2246467991473532e-16,2],[0,0],0,1]}]]},"symbol":{"type":"CIMPolygonSymbol","symbolLayers":[{"type":"CIMSolidStroke","enable":true,"capStyle":"Round","joinStyle":"Round","lineStyle3D":"Strip","miterLimit":10,"width":0.69999999999999996,"color":{"type":"CIMRGBColor","values":[0,0,0,100]}},{"type":"CIMSolidFill","enable":true,"color":{"type":"CIMRGBColor","values":[66.8599999999999994,132.259999999999991,145.349999999999994,100]}}]}}],"respectFrame":true}],"haloSize":1,"scaleX":1,"angleAlignment":"Display"}}},"scaleSymbols":true,"snappable":true}]}</LayerFile></DataProperties><SyncDate>20211014</SyncDate><SyncTime>23194800</SyncTime><ModDate>20211014</ModDate><ModTime>23194800</ModTime></Esri><dataIdInfo><envirDesc Sync="TRUE">Microsoft Windows 10 Version 10.0 (Build 19043) ; Esri ArcGIS 12.7.0.26828</envirDesc><dataLang><languageCode value="eng" Sync="TRUE"></languageCode><countryCode value="USA" Sync="TRUE"></countryCode></dataLang><idCitation><resTitle Sync="TRUE">SchoolData</resTitle><presForm><PresFormCd value="005" Sync="TRUE"></PresFormCd></presForm></idCitation><spatRpType><SpatRepTypCd value="001" Sync="TRUE"></SpatRepTypCd></spatRpType></dataIdInfo><mdLang><languageCode value="eng" Sync="TRUE"></languageCode><countryCode value="USA" Sync="TRUE"></countryCode></mdLang><distInfo><distFormat><formatName Sync="TRUE">Shapefile</formatName></distFormat><distTranOps><transSize Sync="TRUE">0.000</transSize></distTranOps></distInfo><mdHrLv><ScopeCd value="005" Sync="TRUE"></ScopeCd></mdHrLv><mdHrLvName Sync="TRUE">dataset</mdHrLvName><refSysInfo><RefSystem><refSysID><identCode code="32643" Sync="TRUE"></identCode><idCodeSpace Sync="TRUE">EPSG</idCodeSpace><idVersion Sync="TRUE">2.1(3.0.1)</idVersion></refSysID></RefSystem></refSysInfo><spatRepInfo><VectSpatRep><geometObjs Name="SchoolData"><geoObjTyp><GeoObjTypCd value="004" Sync="TRUE"></GeoObjTypCd></geoObjTyp><geoObjCnt Sync="TRUE">0</geoObjCnt></geometObjs><topLvl><TopoLevCd value="001" Sync="TRUE"></TopoLevCd></topLvl></VectSpatRep></spatRepInfo><spdoinfo><ptvctinf><esriterm Name="SchoolData"><efeatyp Sync="TRUE">Simple</efeatyp><efeageom code="1" Sync="TRUE"></efeageom><esritopo Sync="TRUE">FALSE</esritopo><efeacnt Sync="TRUE">0</efeacnt><spindex Sync="TRUE">FALSE</spindex><linrefer Sync="TRUE">TRUE</linrefer></esriterm></ptvctinf></spdoinfo><eainfo><detailed Name="SchoolData"><enttyp><enttypl Sync="TRUE">SchoolData</enttypl><enttypt Sync="TRUE">Feature Class</enttypt><enttypc Sync="TRUE">0</enttypc></enttyp><attr><attrlabl Sync="TRUE">FID</attrlabl><attalias Sync="TRUE">FID</attalias><attrtype Sync="TRUE">OID</attrtype><attwidth Sync="TRUE">4</attwidth><atprecis Sync="TRUE">0</atprecis><attscale Sync="TRUE">0</attscale><attrdef Sync="TRUE">Internal feature number.</attrdef><attrdefs Sync="TRUE">Esri</attrdefs><attrdomv><udom Sync="TRUE">Sequential unique whole numbers that are automatically generated.</udom></attrdomv></attr><attr><attrlabl Sync="TRUE">Shape</attrlabl><attalias Sync="TRUE">Shape</attalias><attrtype Sync="TRUE">Geometry</attrtype><attwidth Sync="TRUE">0</attwidth><atprecis Sync="TRUE">0</atprecis><attscale Sync="TRUE">0</attscale><attrdef Sync="TRUE">Feature geometry.</attrdef><attrdefs Sync="TRUE">Esri</attrdefs><attrdomv><udom Sync="TRUE">Coordinates defining the features.</udom></attrdomv></attr><attr><attrlabl Sync="TRUE">OBJECTID</attrlabl><attalias Sync="TRUE">OBJECTID</attalias><attrtype Sync="TRUE">Integer</attrtype><attwidth Sync="TRUE">10</attwidth><atprecis Sync="TRUE">10</atprecis><attscale Sync="TRUE">0</attscale></attr><attr><attrlabl Sync="TRUE">KGISSCHID</attrlabl><attalias Sync="TRUE">KGISSCHID</attalias><attrtype Sync="TRUE">String</attrtype><attwidth Sync="TRUE">5</attwidth><atprecis Sync="TRUE">0</atprecis><attscale Sync="TRUE">0</attscale></attr><attr><attrlabl Sync="TRUE">Department</attrlabl><attalias Sync="TRUE">Department</attalias><attrtype Sync="TRUE">String</attrtype><attwidth Sync="TRUE">11</attwidth><atprecis Sync="TRUE">0</atprecis><attscale Sync="TRUE">0</attscale></attr><attr><attrlabl Sync="TRUE">SCHName</attrlabl><attalias Sync="TRUE">SCHName</attalias><attrtype Sync="TRUE">String</attrtype><attwidth Sync="TRUE">100</attwidth><atprecis Sync="TRUE">0</atprecis><attscale Sync="TRUE">0</attscale></attr><attr><attrlabl Sync="TRUE">KGISVillag</attrlabl><attalias Sync="TRUE">KGISVillag</attalias><attrtype Sync="TRUE">Integer</attrtype><attwidth Sync="TRUE">10</attwidth><atprecis Sync="TRUE">10</atprecis><attscale Sync="TRUE">0</attscale></attr><attr><attrlabl Sync="TRUE">KGISWardID</attrlabl><attalias Sync="TRUE">KGISWardID</attalias><attrtype Sync="TRUE">String</attrtype><attwidth Sync="TRUE">4</attwidth><atprecis Sync="TRUE">0</atprecis><attscale Sync="TRUE">0</attscale></attr><attr><attrlabl Sync="TRUE">KGISCode</attrlabl><attalias Sync="TRUE">KGISCode</attalias><attrtype Sync="TRUE">String</attrtype><attwidth Sync="TRUE">37</attwidth><atprecis Sync="TRUE">0</atprecis><attscale Sync="TRUE">0</attscale></attr><attr><attrlabl Sync="TRUE">DISTCD</attrlabl><attalias Sync="TRUE">DISTCD</attalias><attrtype Sync="TRUE">String</attrtype><attwidth Sync="TRUE">254</attwidth><atprecis Sync="TRUE">0</atprecis><attscale Sync="TRUE">0</attscale></attr><attr><attrlabl Sync="TRUE">DISTNAME</attrlabl><attalias Sync="TRUE">DISTNAME</attalias><attrtype Sync="TRUE">String</attrtype><attwidth Sync="TRUE">254</attwidth><atprecis Sync="TRUE">0</atprecis><attscale Sync="TRUE">0</attscale></attr><attr><attrlabl Sync="TRUE">BLKCD</attrlabl><attalias Sync="TRUE">BLKCD</attalias><attrtype Sync="TRUE">String</attrtype><attwidth Sync="TRUE">254</attwidth><atprecis Sync="TRUE">0</atprecis><attscale Sync="TRUE">0</attscale></attr><attr><attrlabl Sync="TRUE">BLKNAME</attrlabl><attalias Sync="TRUE">BLKNAME</attalias><attrtype Sync="TRUE">String</attrtype><attwidth Sync="TRUE">254</attwidth><atprecis Sync="TRUE">0</atprecis><attscale Sync="TRUE">0</attscale></attr><attr><attrlabl Sync="TRUE">CLUCD</attrlabl><attalias Sync="TRUE">CLUCD</attalias><attrtype Sync="TRUE">String</attrtype><attwidth Sync="TRUE">254</attwidth><atprecis Sync="TRUE">0</atprecis><attscale Sync="TRUE">0</attscale></attr><attr><attrlabl Sync="TRUE">CLUNAME</attrlabl><attalias Sync="TRUE">CLUNAME</attalias><attrtype Sync="TRUE">String</attrtype><attwidth Sync="TRUE">254</attwidth><atprecis Sync="TRUE">0</atprecis><attscale Sync="TRUE">0</attscale></attr><attr><attrlabl Sync="TRUE">SCHCD</attrlabl><attalias Sync="TRUE">SCHCD</attalias><attrtype Sync="TRUE">String</attrtype><attwidth Sync="TRUE">11</attwidth><atprecis Sync="TRUE">0</atprecis><attscale Sync="TRUE">0</attscale></attr><attr><attrlabl Sync="TRUE">SCHNAME_1</attrlabl><attalias Sync="TRUE">SCHNAME_1</attalias><attrtype Sync="TRUE">String</attrtype><attwidth Sync="TRUE">254</attwidth><atprecis Sync="TRUE">0</atprecis><attscale Sync="TRUE">0</attscale></attr><attr><attrlabl Sync="TRUE">MOBILE1</attrlabl><attalias Sync="TRUE">MOBILE1</attalias><attrtype Sync="TRUE">String</attrtype><attwidth Sync="TRUE">254</attwidth><atprecis Sync="TRUE">0</atprecis><attscale Sync="TRUE">0</attscale></attr><attr><attrlabl Sync="TRUE">POSTALADDR</attrlabl><attalias Sync="TRUE">POSTALADDR</attalias><attrtype Sync="TRUE">String</attrtype><attwidth Sync="TRUE">254</attwidth><atprecis Sync="TRUE">0</atprecis><attscale Sync="TRUE">0</attscale></attr><attr><attrlabl Sync="TRUE">ACONSTCD</attrlabl><attalias Sync="TRUE">ACONSTCD</attalias><attrtype Sync="TRUE">String</attrtype><attwidth Sync="TRUE">254</attwidth><atprecis Sync="TRUE">0</atprecis><attscale Sync="TRUE">0</attscale></attr><attr><attrlabl Sync="TRUE">CONSTNAME</attrlabl><attalias Sync="TRUE">CONSTNAME</attalias><attrtype Sync="TRUE">String</attrtype><attwidth Sync="TRUE">254</attwidth><atprecis Sync="TRUE">0</atprecis><attscale Sync="TRUE">0</attscale></attr><attr><attrlabl Sync="TRUE">PANCD</attrlabl><attalias Sync="TRUE">PANCD</attalias><attrtype Sync="TRUE">String</attrtype><attwidth Sync="TRUE">254</attwidth><atprecis Sync="TRUE">0</atprecis><attscale Sync="TRUE">0</attscale></attr><attr><attrlabl Sync="TRUE">PANNAME</attrlabl><attalias Sync="TRUE">PANNAME</attalias><attrtype Sync="TRUE">String</attrtype><attwidth Sync="TRUE">254</attwidth><atprecis Sync="TRUE">0</atprecis><attscale Sync="TRUE">0</attscale></attr><attr><attrlabl Sync="TRUE">SCHMGT_DES</attrlabl><attalias Sync="TRUE">SCHMGT_DES</attalias><attrtype Sync="TRUE">String</attrtype><attwidth Sync="TRUE">254</attwidth><atprecis Sync="TRUE">0</atprecis><attscale Sync="TRUE">0</attscale></attr><attr><attrlabl Sync="TRUE">SCHCAT_DES</attrlabl><attalias Sync="TRUE">SCHCAT_DES</attalias><attrtype Sync="TRUE">String</attrtype><attwidth Sync="TRUE">254</attwidth><atprecis Sync="TRUE">0</atprecis><attscale Sync="TRUE">0</attscale></attr><attr><attrlabl Sync="TRUE">SCHTYPE</attrlabl><attalias Sync="TRUE">SCHTYPE</attalias><attrtype Sync="TRUE">String</attrtype><attwidth Sync="TRUE">254</attwidth><atprecis Sync="TRUE">0</atprecis><attscale Sync="TRUE">0</attscale></attr><attr><attrlabl Sync="TRUE">BOYS15</attrlabl><attalias Sync="TRUE">BOYS15</attalias><attrtype Sync="TRUE">Double</attrtype><attwidth Sync="TRUE">19</attwidth><atprecis Sync="TRUE">0</atprecis><attscale Sync="TRUE">0</attscale></attr><attr><attrlabl Sync="TRUE">GIRLS15</attrlabl><attalias Sync="TRUE">GIRLS15</attalias><attrtype Sync="TRUE">Double</attrtype><attwidth Sync="TRUE">19</attwidth><atprecis Sync="TRUE">0</atprecis><attscale Sync="TRUE">0</attscale></attr><attr><attrlabl Sync="TRUE">TOTAL15</attrlabl><attalias Sync="TRUE">TOTAL15</attalias><attrtype Sync="TRUE">Double</attrtype><attwidth Sync="TRUE">19</attwidth><atprecis Sync="TRUE">0</atprecis><attscale Sync="TRUE">0</attscale></attr><attr><attrlabl Sync="TRUE">BOYS68</attrlabl><attalias Sync="TRUE">BOYS68</attalias><attrtype Sync="TRUE">Double</attrtype><attwidth Sync="TRUE">19</attwidth><atprecis Sync="TRUE">0</atprecis><attscale Sync="TRUE">0</attscale></attr><attr><attrlabl Sync="TRUE">GIRLS68</attrlabl><attalias Sync="TRUE">GIRLS68</attalias><attrtype Sync="TRUE">Double</attrtype><attwidth Sync="TRUE">19</attwidth><atprecis Sync="TRUE">0</atprecis><attscale Sync="TRUE">0</attscale></attr><attr><attrlabl Sync="TRUE">TOTAL68</attrlabl><attalias Sync="TRUE">TOTAL68</attalias><attrtype Sync="TRUE">Double</attrtype><attwidth Sync="TRUE">19</attwidth><atprecis Sync="TRUE">0</atprecis><attscale Sync="TRUE">0</attscale></attr><attr><attrlabl Sync="TRUE">BOYS910</attrlabl><attalias Sync="TRUE">BOYS910</attalias><attrtype Sync="TRUE">Double</attrtype><attwidth Sync="TRUE">19</attwidth><atprecis Sync="TRUE">0</atprecis><attscale Sync="TRUE">0</attscale></attr><attr><attrlabl Sync="TRUE">GIRLS910</attrlabl><attalias Sync="TRUE">GIRLS910</attalias><attrtype Sync="TRUE">Double</attrtype><attwidth Sync="TRUE">19</attwidth><atprecis Sync="TRUE">0</atprecis><attscale Sync="TRUE">0</attscale></attr><attr><attrlabl Sync="TRUE">TOTAL910</attrlabl><attalias Sync="TRUE">TOTAL910</attalias><attrtype Sync="TRUE">Double</attrtype><attwidth Sync="TRUE">19</attwidth><atprecis Sync="TRUE">0</atprecis><attscale Sync="TRUE">0</attscale></attr><attr><attrlabl Sync="TRUE">BOYALL110</attrlabl><attalias Sync="TRUE">BOYALL110</attalias><attrtype Sync="TRUE">Double</attrtype><attwidth Sync="TRUE">19</attwidth><atprecis Sync="TRUE">0</atprecis><attscale Sync="TRUE">0</attscale></attr><attr><attrlabl Sync="TRUE">GIRLSALL11</attrlabl><attalias Sync="TRUE">GIRLSALL11</attalias><attrtype Sync="TRUE">Double</attrtype><attwidth Sync="TRUE">19</attwidth><atprecis Sync="TRUE">0</atprecis><attscale Sync="TRUE">0</attscale></attr><attr><attrlabl Sync="TRUE">TOTALALL11</attrlabl><attalias Sync="TRUE">TOTALALL11</attalias><attrtype Sync="TRUE">Double</attrtype><attwidth Sync="TRUE">19</attwidth><atprecis Sync="TRUE">0</atprecis><attscale Sync="TRUE">0</attscale></attr><attr><attrlabl Sync="TRUE">SANCTPRI</attrlabl><attalias Sync="TRUE">SANCTPRI</attalias><attrtype Sync="TRUE">Double</attrtype><attwidth Sync="TRUE">19</attwidth><atprecis Sync="TRUE">0</atprecis><attscale Sync="TRUE">0</attscale></attr><attr><attrlabl Sync="TRUE">WORKPRI</attrlabl><attalias Sync="TRUE">WORKPRI</attalias><attrtype Sync="TRUE">Double</attrtype><attwidth Sync="TRUE">19</attwidth><atprecis Sync="TRUE">0</atprecis><attscale Sync="TRUE">0</attscale></attr><attr><attrlabl Sync="TRUE">CLROOMS</attrlabl><attalias Sync="TRUE">CLROOMS</attalias><attrtype Sync="TRUE">Double</attrtype><attwidth Sync="TRUE">19</attwidth><atprecis Sync="TRUE">0</atprecis><attscale Sync="TRUE">0</attscale></attr><attr><attrlabl Sync="TRUE">BLDSTATUS_</attrlabl><attalias Sync="TRUE">BLDSTATUS_</attalias><attrtype Sync="TRUE">String</attrtype><attwidth Sync="TRUE">254</attwidth><atprecis Sync="TRUE">0</atprecis><attscale Sync="TRUE">0</attscale></attr><attr><attrlabl Sync="TRUE">MEDIUM1</attrlabl><attalias Sync="TRUE">MEDIUM1</attalias><attrtype Sync="TRUE">String</attrtype><attwidth Sync="TRUE">254</attwidth><atprecis Sync="TRUE">0</atprecis><attscale Sync="TRUE">0</attscale></attr><attr><attrlabl Sync="TRUE">MEDIUM2</attrlabl><attalias Sync="TRUE">MEDIUM2</attalias><attrtype Sync="TRUE">String</attrtype><attwidth Sync="TRUE">254</attwidth><atprecis Sync="TRUE">0</atprecis><attscale Sync="TRUE">0</attscale></attr><attr><attrlabl Sync="TRUE">MEDIUM3</attrlabl><attalias Sync="TRUE">MEDIUM3</attalias><attrtype Sync="TRUE">String</attrtype><attwidth Sync="TRUE">254</attwidth><atprecis Sync="TRUE">0</atprecis><attscale Sync="TRUE">0</attscale></attr><attr><attrlabl Sync="TRUE">MEDIUM4</attrlabl><attalias Sync="TRUE">MEDIUM4</attalias><attrtype Sync="TRUE">String</attrtype><attwidth Sync="TRUE">254</attwidth><atprecis Sync="TRUE">0</atprecis><attscale Sync="TRUE">0</attscale></attr><attr><attrlabl Sync="TRUE">BOYS_TOILE</attrlabl><attalias Sync="TRUE">BOYS_TOILE</attalias><attrtype Sync="TRUE">String</attrtype><attwidth Sync="TRUE">254</attwidth><atprecis Sync="TRUE">0</atprecis><attscale Sync="TRUE">0</attscale></attr><attr><attrlabl Sync="TRUE">GIRLS_TOIL</attrlabl><attalias Sync="TRUE">GIRLS_TOIL</attalias><attrtype Sync="TRUE">String</attrtype><attwidth Sync="TRUE">254</attwidth><atprecis Sync="TRUE">0</atprecis><attscale Sync="TRUE">0</attscale></attr><attr><attrlabl Sync="TRUE">ELECTRICIT</attrlabl><attalias Sync="TRUE">ELECTRICIT</attalias><attrtype Sync="TRUE">String</attrtype><attwidth Sync="TRUE">254</attwidth><atprecis Sync="TRUE">0</atprecis><attscale Sync="TRUE">0</attscale></attr><attr><attrlabl Sync="TRUE">PLAYGROUND</attrlabl><attalias Sync="TRUE">PLAYGROUND</attalias><attrtype Sync="TRUE">String</attrtype><attwidth Sync="TRUE">254</attwidth><atprecis Sync="TRUE">0</atprecis><attscale Sync="TRUE">0</attscale></attr><attr><attrlabl Sync="TRUE">RAMPSREQUI</attrlabl><attalias Sync="TRUE">RAMPSREQUI</attalias><attrtype Sync="TRUE">String</attrtype><attwidth Sync="TRUE">254</attwidth><atprecis Sync="TRUE">0</atprecis><attscale Sync="TRUE">0</attscale></attr><attr><attrlabl Sync="TRUE">RAMPSYESNO</attrlabl><attalias Sync="TRUE">RAMPSYESNO</attalias><attrtype Sync="TRUE">String</attrtype><attwidth Sync="TRUE">254</attwidth><atprecis Sync="TRUE">0</atprecis><attscale Sync="TRUE">0</attscale></attr><attr><attrlabl Sync="TRUE">LIBRARYBOO</attrlabl><attalias Sync="TRUE">LIBRARYBOO</attalias><attrtype Sync="TRUE">String</attrtype><attwidth Sync="TRUE">254</attwidth><atprecis Sync="TRUE">0</atprecis><attscale Sync="TRUE">0</attscale></attr><attr><attrlabl Sync="TRUE">BOUNDARYWA</attrlabl><attalias Sync="TRUE">BOUNDARYWA</attalias><attrtype Sync="TRUE">String</attrtype><attwidth Sync="TRUE">254</attwidth><atprecis Sync="TRUE">0</atprecis><attscale Sync="TRUE">0</attscale></attr><attr><attrlabl Sync="TRUE">DRINKINGWA</attrlabl><attalias Sync="TRUE">DRINKINGWA</attalias><attrtype Sync="TRUE">String</attrtype><attwidth Sync="TRUE">254</attwidth><atprecis Sync="TRUE">0</atprecis><attscale Sync="TRUE">0</attscale></attr><attr><attrlabl Sync="TRUE">TOILETCWSN</attrlabl><attalias Sync="TRUE">TOILETCWSN</attalias><attrtype Sync="TRUE">String</attrtype><attwidth Sync="TRUE">254</attwidth><atprecis Sync="TRUE">0</atprecis><attscale Sync="TRUE">0</attscale></attr><attr><attrlabl Sync="TRUE">ALLC1B</attrlabl><attalias Sync="TRUE">ALLC1B</attalias><attrtype Sync="TRUE">Double</attrtype><attwidth Sync="TRUE">19</attwidth><atprecis Sync="TRUE">0</atprecis><attscale Sync="TRUE">0</attscale></attr><attr><attrlabl Sync="TRUE">ALLC1G</attrlabl><attalias Sync="TRUE">ALLC1G</attalias><attrtype Sync="TRUE">Double</attrtype><attwidth Sync="TRUE">19</attwidth><atprecis Sync="TRUE">0</atprecis><attscale Sync="TRUE">0</attscale></attr><attr><attrlabl Sync="TRUE">ALLC2B</attrlabl><attalias Sync="TRUE">ALLC2B</attalias><attrtype Sync="TRUE">Double</attrtype><attwidth Sync="TRUE">19</attwidth><atprecis Sync="TRUE">0</atprecis><attscale Sync="TRUE">0</attscale></attr><attr><attrlabl Sync="TRUE">ALLC2G</attrlabl><attalias Sync="TRUE">ALLC2G</attalias><attrtype Sync="TRUE">Double</attrtype><attwidth Sync="TRUE">19</attwidth><atprecis Sync="TRUE">0</atprecis><attscale Sync="TRUE">0</attscale></attr><attr><attrlabl Sync="TRUE">ALLC3B</attrlabl><attalias Sync="TRUE">ALLC3B</attalias><attrtype Sync="TRUE">Double</attrtype><attwidth Sync="TRUE">19</attwidth><atprecis Sync="TRUE">0</atprecis><attscale Sync="TRUE">0</attscale></attr><attr><attrlabl Sync="TRUE">ALLC3G</attrlabl><attalias Sync="TRUE">ALLC3G</attalias><attrtype Sync="TRUE">Double</attrtype><attwidth Sync="TRUE">19</attwidth><atprecis Sync="TRUE">0</atprecis><attscale Sync="TRUE">0</attscale></attr><attr><attrlabl Sync="TRUE">ALLC4B</attrlabl><attalias Sync="TRUE">ALLC4B</attalias><attrtype Sync="TRUE">Double</attrtype><attwidth Sync="TRUE">19</attwidth><atprecis Sync="TRUE">0</atprecis><attscale Sync="TRUE">0</attscale></attr><attr><attrlabl Sync="TRUE">ALLC4G</attrlabl><attalias Sync="TRUE">ALLC4G</attalias><attrtype Sync="TRUE">Double</attrtype><attwidth Sync="TRUE">19</attwidth><atprecis Sync="TRUE">0</atprecis><attscale Sync="TRUE">0</attscale></attr><attr><attrlabl Sync="TRUE">ALLC5B</attrlabl><attalias Sync="TRUE">ALLC5B</attalias><attrtype Sync="TRUE">Double</attrtype><attwidth Sync="TRUE">19</attwidth><atprecis Sync="TRUE">0</atprecis><attscale Sync="TRUE">0</attscale></attr><attr><attrlabl Sync="TRUE">ALLC5G</attrlabl><attalias Sync="TRUE">ALLC5G</attalias><attrtype Sync="TRUE">Double</attrtype><attwidth Sync="TRUE">19</attwidth><atprecis Sync="TRUE">0</atprecis><attscale Sync="TRUE">0</attscale></attr><attr><attrlabl Sync="TRUE">ALLC6B</attrlabl><attalias Sync="TRUE">ALLC6B</attalias><attrtype Sync="TRUE">Double</attrtype><attwidth Sync="TRUE">19</attwidth><atprecis Sync="TRUE">0</atprecis><attscale Sync="TRUE">0</attscale></attr><attr><attrlabl Sync="TRUE">ALLC6G</attrlabl><attalias Sync="TRUE">ALLC6G</attalias><attrtype Sync="TRUE">Double</attrtype><attwidth Sync="TRUE">19</attwidth><atprecis Sync="TRUE">0</atprecis><attscale Sync="TRUE">0</attscale></attr><attr><attrlabl Sync="TRUE">ALLC7B</attrlabl><attalias Sync="TRUE">ALLC7B</attalias><attrtype Sync="TRUE">Double</attrtype><attwidth Sync="TRUE">19</attwidth><atprecis Sync="TRUE">0</atprecis><attscale Sync="TRUE">0</attscale></attr><attr><attrlabl Sync="TRUE">ALLC7G</attrlabl><attalias Sync="TRUE">ALLC7G</attalias><attrtype Sync="TRUE">Double</attrtype><attwidth Sync="TRUE">19</attwidth><atprecis Sync="TRUE">0</atprecis><attscale Sync="TRUE">0</attscale></attr><attr><attrlabl Sync="TRUE">ALLC8B</attrlabl><attalias Sync="TRUE">ALLC8B</attalias><attrtype Sync="TRUE">Double</attrtype><attwidth Sync="TRUE">19</attwidth><atprecis Sync="TRUE">0</atprecis><attscale Sync="TRUE">0</attscale></attr><attr><attrlabl Sync="TRUE">ALLC8G</attrlabl><attalias Sync="TRUE">ALLC8G</attalias><attrtype Sync="TRUE">Double</attrtype><attwidth Sync="TRUE">19</attwidth><atprecis Sync="TRUE">0</atprecis><attscale Sync="TRUE">0</attscale></attr><attr><attrlabl Sync="TRUE">ALLC9B</attrlabl><attalias Sync="TRUE">ALLC9B</attalias><attrtype Sync="TRUE">Double</attrtype><attwidth Sync="TRUE">19</attwidth><atprecis Sync="TRUE">0</atprecis><attscale Sync="TRUE">0</attscale></attr><attr><attrlabl Sync="TRUE">ALLC9G</attrlabl><attalias Sync="TRUE">ALLC9G</attalias><attrtype Sync="TRUE">Double</attrtype><attwidth Sync="TRUE">19</attwidth><atprecis Sync="TRUE">0</atprecis><attscale Sync="TRUE">0</attscale></attr><attr><attrlabl Sync="TRUE">ALLC10B</attrlabl><attalias Sync="TRUE">ALLC10B</attalias><attrtype Sync="TRUE">Double</attrtype><attwidth Sync="TRUE">19</attwidth><atprecis Sync="TRUE">0</atprecis><attscale Sync="TRUE">0</attscale></attr><attr><attrlabl Sync="TRUE">ALLC10G</attrlabl><attalias Sync="TRUE">ALLC10G</attalias><attrtype Sync="TRUE">Double</attrtype><attwidth Sync="TRUE">19</attwidth><atprecis Sync="TRUE">0</atprecis><attscale Sync="TRUE">0</attscale></attr><attr><attrlabl Sync="TRUE">GENC1B</attrlabl><attalias Sync="TRUE">GENC1B</attalias><attrtype Sync="TRUE">Double</attrtype><attwidth Sync="TRUE">19</attwidth><atprecis Sync="TRUE">0</atprecis><attscale Sync="TRUE">0</attscale></attr><attr><attrlabl Sync="TRUE">GENC1G</attrlabl><attalias Sync="TRUE">GENC1G</attalias><attrtype Sync="TRUE">Double</attrtype><attwidth Sync="TRUE">19</attwidth><atprecis Sync="TRUE">0</atprecis><attscale Sync="TRUE">0</attscale></attr><attr><attrlabl Sync="TRUE">GENC2B</attrlabl><attalias Sync="TRUE">GENC2B</attalias><attrtype Sync="TRUE">Double</attrtype><attwidth Sync="TRUE">19</attwidth><atprecis Sync="TRUE">0</atprecis><attscale Sync="TRUE">0</attscale></attr><attr><attrlabl Sync="TRUE">GENC2G</attrlabl><attalias Sync="TRUE">GENC2G</attalias><attrtype Sync="TRUE">Double</attrtype><attwidth Sync="TRUE">19</attwidth><atprecis Sync="TRUE">0</atprecis><attscale Sync="TRUE">0</attscale></attr><attr><attrlabl Sync="TRUE">GENC3B</attrlabl><attalias Sync="TRUE">GENC3B</attalias><attrtype Sync="TRUE">Double</attrtype><attwidth Sync="TRUE">19</attwidth><atprecis Sync="TRUE">0</atprecis><attscale Sync="TRUE">0</attscale></attr><attr><attrlabl Sync="TRUE">GENC3G</attrlabl><attalias Sync="TRUE">GENC3G</attalias><attrtype Sync="TRUE">Double</attrtype><attwidth Sync="TRUE">19</attwidth><atprecis Sync="TRUE">0</atprecis><attscale Sync="TRUE">0</attscale></attr><attr><attrlabl Sync="TRUE">GENC4B</attrlabl><attalias Sync="TRUE">GENC4B</attalias><attrtype Sync="TRUE">Double</attrtype><attwidth Sync="TRUE">19</attwidth><atprecis Sync="TRUE">0</atprecis><attscale Sync="TRUE">0</attscale></attr><attr><attrlabl Sync="TRUE">GENC4G</attrlabl><attalias Sync="TRUE">GENC4G</attalias><attrtype Sync="TRUE">Double</attrtype><attwidth Sync="TRUE">19</attwidth><atprecis Sync="TRUE">0</atprecis><attscale Sync="TRUE">0</attscale></attr><attr><attrlabl Sync="TRUE">GENC5B</attrlabl><attalias Sync="TRUE">GENC5B</attalias><attrtype Sync="TRUE">Double</attrtype><attwidth Sync="TRUE">19</attwidth><atprecis Sync="TRUE">0</atprecis><attscale Sync="TRUE">0</attscale></attr><attr><attrlabl Sync="TRUE">GENC5G</attrlabl><attalias Sync="TRUE">GENC5G</attalias><attrtype Sync="TRUE">Double</attrtype><attwidth Sync="TRUE">19</attwidth><atprecis Sync="TRUE">0</atprecis><attscale Sync="TRUE">0</attscale></attr><attr><attrlabl Sync="TRUE">GENC6B</attrlabl><attalias Sync="TRUE">GENC6B</attalias><attrtype Sync="TRUE">Double</attrtype><attwidth Sync="TRUE">19</attwidth><atprecis Sync="TRUE">0</atprecis><attscale Sync="TRUE">0</attscale></attr><attr><attrlabl Sync="TRUE">GENC6G</attrlabl><attalias Sync="TRUE">GENC6G</attalias><attrtype Sync="TRUE">Double</attrtype><attwidth Sync="TRUE">19</attwidth><atprecis Sync="TRUE">0</atprecis><attscale Sync="TRUE">0</attscale></attr><attr><attrlabl Sync="TRUE">GENC7B</attrlabl><attalias Sync="TRUE">GENC7B</attalias><attrtype Sync="TRUE">Double</attrtype><attwidth Sync="TRUE">19</attwidth><atprecis Sync="TRUE">0</atprecis><attscale Sync="TRUE">0</attscale></attr><attr><attrlabl Sync="TRUE">GENC7G</attrlabl><attalias Sync="TRUE">GENC7G</attalias><attrtype Sync="TRUE">Double</attrtype><attwidth Sync="TRUE">19</attwidth><atprecis Sync="TRUE">0</atprecis><attscale Sync="TRUE">0</attscale></attr><attr><attrlabl Sync="TRUE">GENC8B</attrlabl><attalias Sync="TRUE">GENC8B</attalias><attrtype Sync="TRUE">Double</attrtype><attwidth Sync="TRUE">19</attwidth><atprecis Sync="TRUE">0</atprecis><attscale Sync="TRUE">0</attscale></attr><attr><attrlabl Sync="TRUE">GENC8G</attrlabl><attalias Sync="TRUE">GENC8G</attalias><attrtype Sync="TRUE">Double</attrtype><attwidth Sync="TRUE">19</attwidth><atprecis Sync="TRUE">0</atprecis><attscale Sync="TRUE">0</attscale></attr><attr><attrlabl Sync="TRUE">GENC9B</attrlabl><attalias Sync="TRUE">GENC9B</attalias><attrtype Sync="TRUE">Double</attrtype><attwidth Sync="TRUE">19</attwidth><atprecis Sync="TRUE">0</atprecis><attscale Sync="TRUE">0</attscale></attr><attr><attrlabl Sync="TRUE">GENC9G</attrlabl><attalias Sync="TRUE">GENC9G</attalias><attrtype Sync="TRUE">Double</attrtype><attwidth Sync="TRUE">19</attwidth><atprecis Sync="TRUE">0</atprecis><attscale Sync="TRUE">0</attscale></attr><attr><attrlabl Sync="TRUE">GENC10B</attrlabl><attalias Sync="TRUE">GENC10B</attalias><attrtype Sync="TRUE">Double</attrtype><attwidth Sync="TRUE">19</attwidth><atprecis Sync="TRUE">0</atprecis><attscale Sync="TRUE">0</attscale></attr><attr><attrlabl Sync="TRUE">GENC10G</attrlabl><attalias Sync="TRUE">GENC10G</attalias><attrtype Sync="TRUE">Double</attrtype><attwidth Sync="TRUE">19</attwidth><atprecis Sync="TRUE">0</atprecis><attscale Sync="TRUE">0</attscale></attr><attr><attrlabl Sync="TRUE">SCC1B</attrlabl><attalias Sync="TRUE">SCC1B</attalias><attrtype Sync="TRUE">Double</attrtype><attwidth Sync="TRUE">19</attwidth><atprecis Sync="TRUE">0</atprecis><attscale Sync="TRUE">0</attscale></attr><attr><attrlabl Sync="TRUE">SCC1G</attrlabl><attalias Sync="TRUE">SCC1G</attalias><attrtype Sync="TRUE">Double</attrtype><attwidth Sync="TRUE">19</attwidth><atprecis Sync="TRUE">0</atprecis><attscale Sync="TRUE">0</attscale></attr><attr><attrlabl Sync="TRUE">SCC2B</attrlabl><attalias Sync="TRUE">SCC2B</attalias><attrtype Sync="TRUE">Double</attrtype><attwidth Sync="TRUE">19</attwidth><atprecis Sync="TRUE">0</atprecis><attscale Sync="TRUE">0</attscale></attr><attr><attrlabl Sync="TRUE">SCC2G</attrlabl><attalias Sync="TRUE">SCC2G</attalias><attrtype Sync="TRUE">Double</attrtype><attwidth Sync="TRUE">19</attwidth><atprecis Sync="TRUE">0</atprecis><attscale Sync="TRUE">0</attscale></attr><attr><attrlabl Sync="TRUE">SCC3B</attrlabl><attalias Sync="TRUE">SCC3B</attalias><attrtype Sync="TRUE">Double</attrtype><attwidth Sync="TRUE">19</attwidth><atprecis Sync="TRUE">0</atprecis><attscale Sync="TRUE">0</attscale></attr><attr><attrlabl Sync="TRUE">SCC3G</attrlabl><attalias Sync="TRUE">SCC3G</attalias><attrtype Sync="TRUE">Double</attrtype><attwidth Sync="TRUE">19</attwidth><atprecis Sync="TRUE">0</atprecis><attscale Sync="TRUE">0</attscale></attr><attr><attrlabl Sync="TRUE">SCC4B</attrlabl><attalias Sync="TRUE">SCC4B</attalias><attrtype Sync="TRUE">Double</attrtype><attwidth Sync="TRUE">19</attwidth><atprecis Sync="TRUE">0</atprecis><attscale Sync="TRUE">0</attscale></attr><attr><attrlabl Sync="TRUE">SCC4G</attrlabl><attalias Sync="TRUE">SCC4G</attalias><attrtype Sync="TRUE">Double</attrtype><attwidth Sync="TRUE">19</attwidth><atprecis Sync="TRUE">0</atprecis><attscale Sync="TRUE">0</attscale></attr><attr><attrlabl Sync="TRUE">SCC5B</attrlabl><attalias Sync="TRUE">SCC5B</attalias><attrtype Sync="TRUE">Double</attrtype><attwidth Sync="TRUE">19</attwidth><atprecis Sync="TRUE">0</atprecis><attscale Sync="TRUE">0</attscale></attr><attr><attrlabl Sync="TRUE">SCC5G</attrlabl><attalias Sync="TRUE">SCC5G</attalias><attrtype Sync="TRUE">Double</attrtype><attwidth Sync="TRUE">19</attwidth><atprecis Sync="TRUE">0</atprecis><attscale Sync="TRUE">0</attscale></attr><attr><attrlabl Sync="TRUE">SCC6B</attrlabl><attalias Sync="TRUE">SCC6B</attalias><attrtype Sync="TRUE">Double</attrtype><attwidth Sync="TRUE">19</attwidth><atprecis Sync="TRUE">0</atprecis><attscale Sync="TRUE">0</attscale></attr><attr><attrlabl Sync="TRUE">SCC6G</attrlabl><attalias Sync="TRUE">SCC6G</attalias><attrtype Sync="TRUE">Double</attrtype><attwidth Sync="TRUE">19</attwidth><atprecis Sync="TRUE">0</atprecis><attscale Sync="TRUE">0</attscale></attr><attr><attrlabl Sync="TRUE">SCC7B</attrlabl><attalias Sync="TRUE">SCC7B</attalias><attrtype Sync="TRUE">Double</attrtype><attwidth Sync="TRUE">19</attwidth><atprecis Sync="TRUE">0</atprecis><attscale Sync="TRUE">0</attscale></attr><attr><attrlabl Sync="TRUE">SCC7G</attrlabl><attalias Sync="TRUE">SCC7G</attalias><attrtype Sync="TRUE">Double</attrtype><attwidth Sync="TRUE">19</attwidth><atprecis Sync="TRUE">0</atprecis><attscale Sync="TRUE">0</attscale></attr><attr><attrlabl Sync="TRUE">SCC8B</attrlabl><attalias Sync="TRUE">SCC8B</attalias><attrtype Sync="TRUE">Double</attrtype><attwidth Sync="TRUE">19</attwidth><atprecis Sync="TRUE">0</atprecis><attscale Sync="TRUE">0</attscale></attr><attr><attrlabl Sync="TRUE">SCC8G</attrlabl><attalias Sync="TRUE">SCC8G</attalias><attrtype Sync="TRUE">Double</attrtype><attwidth Sync="TRUE">19</attwidth><atprecis Sync="TRUE">0</atprecis><attscale Sync="TRUE">0</attscale></attr><attr><attrlabl Sync="TRUE">SCC9B</attrlabl><attalias Sync="TRUE">SCC9B</attalias><attrtype Sync="TRUE">Double</attrtype><attwidth Sync="TRUE">19</attwidth><atprecis Sync="TRUE">0</atprecis><attscale Sync="TRUE">0</attscale></attr><attr><attrlabl Sync="TRUE">SCC9G</attrlabl><attalias Sync="TRUE">SCC9G</attalias><attrtype Sync="TRUE">Double</attrtype><attwidth Sync="TRUE">19</attwidth><atprecis Sync="TRUE">0</atprecis><attscale Sync="TRUE">0</attscale></attr><attr><attrlabl Sync="TRUE">SCC10B</attrlabl><attalias Sync="TRUE">SCC10B</attalias><attrtype Sync="TRUE">Double</attrtype><attwidth Sync="TRUE">19</attwidth><atprecis Sync="TRUE">0</atprecis><attscale Sync="TRUE">0</attscale></attr><attr><attrlabl Sync="TRUE">SCC10G</attrlabl><attalias Sync="TRUE">SCC10G</attalias><attrtype Sync="TRUE">Double</attrtype><attwidth Sync="TRUE">19</attwidth><atprecis Sync="TRUE">0</atprecis><attscale Sync="TRUE">0</attscale></attr><attr><attrlabl Sync="TRUE">STC1B</attrlabl><attalias Sync="TRUE">STC1B</attalias><attrtype Sync="TRUE">Double</attrtype><attwidth Sync="TRUE">19</attwidth><atprecis Sync="TRUE">0</atprecis><attscale Sync="TRUE">0</attscale></attr><attr><attrlabl Sync="TRUE">STC1G</attrlabl><attalias Sync="TRUE">STC1G</attalias><attrtype Sync="TRUE">Double</attrtype><attwidth Sync="TRUE">19</attwidth><atprecis Sync="TRUE">0</atprecis><attscale Sync="TRUE">0</attscale></attr><attr><attrlabl Sync="TRUE">STC2B</attrlabl><attalias Sync="TRUE">STC2B</attalias><attrtype Sync="TRUE">Double</attrtype><attwidth Sync="TRUE">19</attwidth><atprecis Sync="TRUE">0</atprecis><attscale Sync="TRUE">0</attscale></attr><attr><attrlabl Sync="TRUE">STC2G</attrlabl><attalias Sync="TRUE">STC2G</attalias><attrtype Sync="TRUE">Double</attrtype><attwidth Sync="TRUE">19</attwidth><atprecis Sync="TRUE">0</atprecis><attscale Sync="TRUE">0</attscale></attr><attr><attrlabl Sync="TRUE">STC3B</attrlabl><attalias Sync="TRUE">STC3B</attalias><attrtype Sync="TRUE">Double</attrtype><attwidth Sync="TRUE">19</attwidth><atprecis Sync="TRUE">0</atprecis><attscale Sync="TRUE">0</attscale></attr><attr><attrlabl Sync="TRUE">STC3G</attrlabl><attalias Sync="TRUE">STC3G</attalias><attrtype Sync="TRUE">Double</attrtype><attwidth Sync="TRUE">19</attwidth><atprecis Sync="TRUE">0</atprecis><attscale Sync="TRUE">0</attscale></attr><attr><attrlabl Sync="TRUE">STC4B</attrlabl><attalias Sync="TRUE">STC4B</attalias><attrtype Sync="TRUE">Double</attrtype><attwidth Sync="TRUE">19</attwidth><atprecis Sync="TRUE">0</atprecis><attscale Sync="TRUE">0</attscale></attr><attr><attrlabl Sync="TRUE">STC4G</attrlabl><attalias Sync="TRUE">STC4G</attalias><attrtype Sync="TRUE">Double</attrtype><attwidth Sync="TRUE">19</attwidth><atprecis Sync="TRUE">0</atprecis><attscale Sync="TRUE">0</attscale></attr><attr><attrlabl Sync="TRUE">STC5B</attrlabl><attalias Sync="TRUE">STC5B</attalias><attrtype Sync="TRUE">Double</attrtype><attwidth Sync="TRUE">19</attwidth><atprecis Sync="TRUE">0</atprecis><attscale Sync="TRUE">0</attscale></attr><attr><attrlabl Sync="TRUE">STC5G</attrlabl><attalias Sync="TRUE">STC5G</attalias><attrtype Sync="TRUE">Double</attrtype><attwidth Sync="TRUE">19</attwidth><atprecis Sync="TRUE">0</atprecis><attscale Sync="TRUE">0</attscale></attr><attr><attrlabl Sync="TRUE">STC6B</attrlabl><attalias Sync="TRUE">STC6B</attalias><attrtype Sync="TRUE">Double</attrtype><attwidth Sync="TRUE">19</attwidth><atprecis Sync="TRUE">0</atprecis><attscale Sync="TRUE">0</attscale></attr><attr><attrlabl Sync="TRUE">STC6G</attrlabl><attalias Sync="TRUE">STC6G</attalias><attrtype Sync="TRUE">Double</attrtype><attwidth Sync="TRUE">19</attwidth><atprecis Sync="TRUE">0</atprecis><attscale Sync="TRUE">0</attscale></attr><attr><attrlabl Sync="TRUE">STC7B</attrlabl><attalias Sync="TRUE">STC7B</attalias><attrtype Sync="TRUE">Double</attrtype><attwidth Sync="TRUE">19</attwidth><atprecis Sync="TRUE">0</atprecis><attscale Sync="TRUE">0</attscale></attr><attr><attrlabl Sync="TRUE">STC7G</attrlabl><attalias Sync="TRUE">STC7G</attalias><attrtype Sync="TRUE">Double</attrtype><attwidth Sync="TRUE">19</attwidth><atprecis Sync="TRUE">0</atprecis><attscale Sync="TRUE">0</attscale></attr><attr><attrlabl Sync="TRUE">STC8B</attrlabl><attalias Sync="TRUE">STC8B</attalias><attrtype Sync="TRUE">Double</attrtype><attwidth Sync="TRUE">19</attwidth><atprecis Sync="TRUE">0</atprecis><attscale Sync="TRUE">0</attscale></attr><attr><attrlabl Sync="TRUE">STC8G</attrlabl><attalias Sync="TRUE">STC8G</attalias><attrtype Sync="TRUE">Double</attrtype><attwidth Sync="TRUE">19</attwidth><atprecis Sync="TRUE">0</atprecis><attscale Sync="TRUE">0</attscale></attr><attr><attrlabl Sync="TRUE">STC9B</attrlabl><attalias Sync="TRUE">STC9B</attalias><attrtype Sync="TRUE">Double</attrtype><attwidth Sync="TRUE">19</attwidth><atprecis Sync="TRUE">0</atprecis><attscale Sync="TRUE">0</attscale></attr><attr><attrlabl Sync="TRUE">STC9G</attrlabl><attalias Sync="TRUE">STC9G</attalias><attrtype Sync="TRUE">Double</attrtype><attwidth Sync="TRUE">19</attwidth><atprecis Sync="TRUE">0</atprecis><attscale Sync="TRUE">0</attscale></attr><attr><attrlabl Sync="TRUE">STC10B</attrlabl><attalias Sync="TRUE">STC10B</attalias><attrtype Sync="TRUE">Double</attrtype><attwidth Sync="TRUE">19</attwidth><atprecis Sync="TRUE">0</atprecis><attscale Sync="TRUE">0</attscale></attr><attr><attrlabl Sync="TRUE">STC10G</attrlabl><attalias Sync="TRUE">STC10G</attalias><attrtype Sync="TRUE">Double</attrtype><attwidth Sync="TRUE">19</attwidth><atprecis Sync="TRUE">0</atprecis><attscale Sync="TRUE">0</attscale></attr><attr><attrlabl Sync="TRUE">OBCC1B</attrlabl><attalias Sync="TRUE">OBCC1B</attalias><attrtype Sync="TRUE">Double</attrtype><attwidth Sync="TRUE">19</attwidth><atprecis Sync="TRUE">0</atprecis><attscale Sync="TRUE">0</attscale></attr><attr><attrlabl Sync="TRUE">OBCC1G</attrlabl><attalias Sync="TRUE">OBCC1G</attalias><attrtype Sync="TRUE">Double</attrtype><attwidth Sync="TRUE">19</attwidth><atprecis Sync="TRUE">0</atprecis><attscale Sync="TRUE">0</attscale></attr><attr><attrlabl Sync="TRUE">OBCC2B</attrlabl><attalias Sync="TRUE">OBCC2B</attalias><attrtype Sync="TRUE">Double</attrtype><attwidth Sync="TRUE">19</attwidth><atprecis Sync="TRUE">0</atprecis><attscale Sync="TRUE">0</attscale></attr><attr><attrlabl Sync="TRUE">OBCC2G</attrlabl><attalias Sync="TRUE">OBCC2G</attalias><attrtype Sync="TRUE">Double</attrtype><attwidth Sync="TRUE">19</attwidth><atprecis Sync="TRUE">0</atprecis><attscale Sync="TRUE">0</attscale></attr><attr><attrlabl Sync="TRUE">OBCC3B</attrlabl><attalias Sync="TRUE">OBCC3B</attalias><attrtype Sync="TRUE">Double</attrtype><attwidth Sync="TRUE">19</attwidth><atprecis Sync="TRUE">0</atprecis><attscale Sync="TRUE">0</attscale></attr><attr><attrlabl Sync="TRUE">OBCC3G</attrlabl><attalias Sync="TRUE">OBCC3G</attalias><attrtype Sync="TRUE">Double</attrtype><attwidth Sync="TRUE">19</attwidth><atprecis Sync="TRUE">0</atprecis><attscale Sync="TRUE">0</attscale></attr><attr><attrlabl Sync="TRUE">OBCC4B</attrlabl><attalias Sync="TRUE">OBCC4B</attalias><attrtype Sync="TRUE">Double</attrtype><attwidth Sync="TRUE">19</attwidth><atprecis Sync="TRUE">0</atprecis><attscale Sync="TRUE">0</attscale></attr><attr><attrlabl Sync="TRUE">OBCC4G</attrlabl><attalias Sync="TRUE">OBCC4G</attalias><attrtype Sync="TRUE">Double</attrtype><attwidth Sync="TRUE">19</attwidth><atprecis Sync="TRUE">0</atprecis><attscale Sync="TRUE">0</attscale></attr><attr><attrlabl Sync="TRUE">OBCC5B</attrlabl><attalias Sync="TRUE">OBCC5B</attalias><attrtype Sync="TRUE">Double</attrtype><attwidth Sync="TRUE">19</attwidth><atprecis Sync="TRUE">0</atprecis><attscale Sync="TRUE">0</attscale></attr><attr><attrlabl Sync="TRUE">OBCC5G</attrlabl><attalias Sync="TRUE">OBCC5G</attalias><attrtype Sync="TRUE">Double</attrtype><attwidth Sync="TRUE">19</attwidth><atprecis Sync="TRUE">0</atprecis><attscale Sync="TRUE">0</attscale></attr><attr><attrlabl Sync="TRUE">OBCC6B</attrlabl><attalias Sync="TRUE">OBCC6B</attalias><attrtype Sync="TRUE">Double</attrtype><attwidth Sync="TRUE">19</attwidth><atprecis Sync="TRUE">0</atprecis><attscale Sync="TRUE">0</attscale></attr><attr><attrlabl Sync="TRUE">OBCC6G</attrlabl><attalias Sync="TRUE">OBCC6G</attalias><attrtype Sync="TRUE">Double</attrtype><attwidth Sync="TRUE">19</attwidth><atprecis Sync="TRUE">0</atprecis><attscale Sync="TRUE">0</attscale></attr><attr><attrlabl Sync="TRUE">OBCC7B</attrlabl><attalias Sync="TRUE">OBCC7B</attalias><attrtype Sync="TRUE">Double</attrtype><attwidth Sync="TRUE">19</attwidth><atprecis Sync="TRUE">0</atprecis><attscale Sync="TRUE">0</attscale></attr><attr><attrlabl Sync="TRUE">OBCC7G</attrlabl><attalias Sync="TRUE">OBCC7G</attalias><attrtype Sync="TRUE">Double</attrtype><attwidth Sync="TRUE">19</attwidth><atprecis Sync="TRUE">0</atprecis><attscale Sync="TRUE">0</attscale></attr><attr><attrlabl Sync="TRUE">OBCC8B</attrlabl><attalias Sync="TRUE">OBCC8B</attalias><attrtype Sync="TRUE">Double</attrtype><attwidth Sync="TRUE">19</attwidth><atprecis Sync="TRUE">0</atprecis><attscale Sync="TRUE">0</attscale></attr><attr><attrlabl Sync="TRUE">OBCC8G</attrlabl><attalias Sync="TRUE">OBCC8G</attalias><attrtype Sync="TRUE">Double</attrtype><attwidth Sync="TRUE">19</attwidth><atprecis Sync="TRUE">0</atprecis><attscale Sync="TRUE">0</attscale></attr><attr><attrlabl Sync="TRUE">OBCC9B</attrlabl><attalias Sync="TRUE">OBCC9B</attalias><attrtype Sync="TRUE">Double</attrtype><attwidth Sync="TRUE">19</attwidth><atprecis Sync="TRUE">0</atprecis><attscale Sync="TRUE">0</attscale></attr><attr><attrlabl Sync="TRUE">OBCC9G</attrlabl><attalias Sync="TRUE">OBCC9G</attalias><attrtype Sync="TRUE">Double</attrtype><attwidth Sync="TRUE">19</attwidth><atprecis Sync="TRUE">0</atprecis><attscale Sync="TRUE">0</attscale></attr><attr><attrlabl Sync="TRUE">OBCC10B</attrlabl><attalias Sync="TRUE">OBCC10B</attalias><attrtype Sync="TRUE">Double</attrtype><attwidth Sync="TRUE">19</attwidth><atprecis Sync="TRUE">0</atprecis><attscale Sync="TRUE">0</attscale></attr><attr><attrlabl Sync="TRUE">OBCC10G</attrlabl><attalias Sync="TRUE">OBCC10G</attalias><attrtype Sync="TRUE">Double</attrtype><attwidth Sync="TRUE">19</attwidth><atprecis Sync="TRUE">0</atprecis><attscale Sync="TRUE">0</attscale></attr><attr><attrlabl Sync="TRUE">MUSLIMC1B</attrlabl><attalias Sync="TRUE">MUSLIMC1B</attalias><attrtype Sync="TRUE">Double</attrtype><attwidth Sync="TRUE">19</attwidth><atprecis Sync="TRUE">0</atprecis><attscale Sync="TRUE">0</attscale></attr><attr><attrlabl Sync="TRUE">MUSLIMC1G</attrlabl><attalias Sync="TRUE">MUSLIMC1G</attalias><attrtype Sync="TRUE">Double</attrtype><attwidth Sync="TRUE">19</attwidth><atprecis Sync="TRUE">0</atprecis><attscale Sync="TRUE">0</attscale></attr><attr><attrlabl Sync="TRUE">MUSLIMC2B</attrlabl><attalias Sync="TRUE">MUSLIMC2B</attalias><attrtype Sync="TRUE">Double</attrtype><attwidth Sync="TRUE">19</attwidth><atprecis Sync="TRUE">0</atprecis><attscale Sync="TRUE">0</attscale></attr><attr><attrlabl Sync="TRUE">MUSLIMC2G</attrlabl><attalias Sync="TRUE">MUSLIMC2G</attalias><attrtype Sync="TRUE">Double</attrtype><attwidth Sync="TRUE">19</attwidth><atprecis Sync="TRUE">0</atprecis><attscale Sync="TRUE">0</attscale></attr><attr><attrlabl Sync="TRUE">MUSLIMC3B</attrlabl><attalias Sync="TRUE">MUSLIMC3B</attalias><attrtype Sync="TRUE">Double</attrtype><attwidth Sync="TRUE">19</attwidth><atprecis Sync="TRUE">0</atprecis><attscale Sync="TRUE">0</attscale></attr><attr><attrlabl Sync="TRUE">MUSLIMC3G</attrlabl><attalias Sync="TRUE">MUSLIMC3G</attalias><attrtype Sync="TRUE">Double</attrtype><attwidth Sync="TRUE">19</attwidth><atprecis Sync="TRUE">0</atprecis><attscale Sync="TRUE">0</attscale></attr><attr><attrlabl Sync="TRUE">MUSLIMC4B</attrlabl><attalias Sync="TRUE">MUSLIMC4B</attalias><attrtype Sync="TRUE">Double</attrtype><attwidth Sync="TRUE">19</attwidth><atprecis Sync="TRUE">0</atprecis><attscale Sync="TRUE">0</attscale></attr><attr><attrlabl Sync="TRUE">MUSLIMC4G</attrlabl><attalias Sync="TRUE">MUSLIMC4G</attalias><attrtype Sync="TRUE">Double</attrtype><attwidth Sync="TRUE">19</attwidth><atprecis Sync="TRUE">0</atprecis><attscale Sync="TRUE">0</attscale></attr><attr><attrlabl Sync="TRUE">MUSLIMC5B</attrlabl><attalias Sync="TRUE">MUSLIMC5B</attalias><attrtype Sync="TRUE">Double</attrtype><attwidth Sync="TRUE">19</attwidth><atprecis Sync="TRUE">0</atprecis><attscale Sync="TRUE">0</attscale></attr><attr><attrlabl Sync="TRUE">MUSLIMC5G</attrlabl><attalias Sync="TRUE">MUSLIMC5G</attalias><attrtype Sync="TRUE">Double</attrtype><attwidth Sync="TRUE">19</attwidth><atprecis Sync="TRUE">0</atprecis><attscale Sync="TRUE">0</attscale></attr><attr><attrlabl Sync="TRUE">MUSLIMC6B</attrlabl><attalias Sync="TRUE">MUSLIMC6B</attalias><attrtype Sync="TRUE">Double</attrtype><attwidth Sync="TRUE">19</attwidth><atprecis Sync="TRUE">0</atprecis><attscale Sync="TRUE">0</attscale></attr><attr><attrlabl Sync="TRUE">MUSLIMC6G</attrlabl><attalias Sync="TRUE">MUSLIMC6G</attalias><attrtype Sync="TRUE">Double</attrtype><attwidth Sync="TRUE">19</attwidth><atprecis Sync="TRUE">0</atprecis><attscale Sync="TRUE">0</attscale></attr><attr><attrlabl Sync="TRUE">MUSLIMC7B</attrlabl><attalias Sync="TRUE">MUSLIMC7B</attalias><attrtype Sync="TRUE">Double</attrtype><attwidth Sync="TRUE">19</attwidth><atprecis Sync="TRUE">0</atprecis><attscale Sync="TRUE">0</attscale></attr><attr><attrlabl Sync="TRUE">MUSLIMC7G</attrlabl><attalias Sync="TRUE">MUSLIMC7G</attalias><attrtype Sync="TRUE">Double</attrtype><attwidth Sync="TRUE">19</attwidth><atprecis Sync="TRUE">0</atprecis><attscale Sync="TRUE">0</attscale></attr><attr><attrlabl Sync="TRUE">MUSLIMC8B</attrlabl><attalias Sync="TRUE">MUSLIMC8B</attalias><attrtype Sync="TRUE">Double</attrtype><attwidth Sync="TRUE">19</attwidth><atprecis Sync="TRUE">0</atprecis><attscale Sync="TRUE">0</attscale></attr><attr><attrlabl Sync="TRUE">MUSLIMC8G</attrlabl><attalias Sync="TRUE">MUSLIMC8G</attalias><attrtype Sync="TRUE">Double</attrtype><attwidth Sync="TRUE">19</attwidth><atprecis Sync="TRUE">0</atprecis><attscale Sync="TRUE">0</attscale></attr><attr><attrlabl Sync="TRUE">MUSLIMC9B</attrlabl><attalias Sync="TRUE">MUSLIMC9B</attalias><attrtype Sync="TRUE">Double</attrtype><attwidth Sync="TRUE">19</attwidth><atprecis Sync="TRUE">0</atprecis><attscale Sync="TRUE">0</attscale></attr><attr><attrlabl Sync="TRUE">MUSLIMC9G</attrlabl><attalias Sync="TRUE">MUSLIMC9G</attalias><attrtype Sync="TRUE">Double</attrtype><attwidth Sync="TRUE">19</attwidth><atprecis Sync="TRUE">0</atprecis><attscale Sync="TRUE">0</attscale></attr><attr><attrlabl Sync="TRUE">MUSLIMC10B</attrlabl><attalias Sync="TRUE">MUSLIMC10B</attalias><attrtype Sync="TRUE">Double</attrtype><attwidth Sync="TRUE">19</attwidth><atprecis Sync="TRUE">0</atprecis><attscale Sync="TRUE">0</attscale></attr><attr><attrlabl Sync="TRUE">MUSLIMC10G</attrlabl><attalias Sync="TRUE">MUSLIMC10G</attalias><attrtype Sync="TRUE">Double</attrtype><attwidth Sync="TRUE">19</attwidth><atprecis Sync="TRUE">0</atprecis><attscale Sync="TRUE">0</attscale></attr></detailed></eainfo><mdDateSt Sync="TRUE">20211014</mdDateSt></metadata>
