<metadata xml:lang="en"><Esri><CreaDate>20211013</CreaDate><CreaTime>16345000</CreaTime><ArcGISFormat>1.0</ArcGISFormat><SyncOnce>FALSE</SyncOnce><DataProperties><itemProps><itemName Sync="TRUE">WardBoundary</itemName><imsContentType Sync="TRUE">002</imsContentType><itemLocation><linkage Sync="TRUE">file://\\TSDSPBAS1\D$\KarnatakaStateGeoHub\Data\Admin Boundaries\WardData\AllWardBoundaries\WardBoundary.shp</linkage><protocol Sync="TRUE">Local Area Network</protocol></itemLocation><itemSize Sync="TRUE">0.000</itemSize></itemProps><coordRef><type Sync="TRUE">Projected</type><geogcsn Sync="TRUE">GCS_WGS_1984</geogcsn><csUnits Sync="TRUE">Linear Unit: Meter (1.000000)</csUnits><projcsn Sync="TRUE">WGS_1984_UTM_Zone_43N</projcsn><peXml Sync="TRUE">&lt;ProjectedCoordinateSystem xsi:type='typens:ProjectedCoordinateSystem' xmlns:xsi='http://www.w3.org/2001/XMLSchema-instance' xmlns:xs='http://www.w3.org/2001/XMLSchema' xmlns:typens='http://www.esri.com/schemas/ArcGIS/2.7.0'&gt;&lt;WKT&gt;PROJCS[&amp;quot;WGS_1984_UTM_Zone_43N&amp;quot;,GEOGCS[&amp;quot;GCS_WGS_1984&amp;quot;,DATUM[&amp;quot;D_WGS_1984&amp;quot;,SPHEROID[&amp;quot;WGS_1984&amp;quot;,6378137.0,298.257223563]],PRIMEM[&amp;quot;Greenwich&amp;quot;,0.0],UNIT[&amp;quot;Degree&amp;quot;,0.0174532925199433]],PROJECTION[&amp;quot;Transverse_Mercator&amp;quot;],PARAMETER[&amp;quot;False_Easting&amp;quot;,500000.0],PARAMETER[&amp;quot;False_Northing&amp;quot;,0.0],PARAMETER[&amp;quot;Central_Meridian&amp;quot;,75.0],PARAMETER[&amp;quot;Scale_Factor&amp;quot;,0.9996],PARAMETER[&amp;quot;Latitude_Of_Origin&amp;quot;,0.0],UNIT[&amp;quot;Meter&amp;quot;,1.0],AUTHORITY[&amp;quot;EPSG&amp;quot;,32643]]&lt;/WKT&gt;&lt;XOrigin&gt;-5120900&lt;/XOrigin&gt;&lt;YOrigin&gt;-9998100&lt;/YOrigin&gt;&lt;XYScale&gt;450445547.3910538&lt;/XYScale&gt;&lt;ZOrigin&gt;-100000&lt;/ZOrigin&gt;&lt;ZScale&gt;10000&lt;/ZScale&gt;&lt;MOrigin&gt;-100000&lt;/MOrigin&gt;&lt;MScale&gt;10000&lt;/MScale&gt;&lt;XYTolerance&gt;0.001&lt;/XYTolerance&gt;&lt;ZTolerance&gt;0.001&lt;/ZTolerance&gt;&lt;MTolerance&gt;0.001&lt;/MTolerance&gt;&lt;HighPrecision&gt;true&lt;/HighPrecision&gt;&lt;WKID&gt;32643&lt;/WKID&gt;&lt;LatestWKID&gt;32643&lt;/LatestWKID&gt;&lt;/ProjectedCoordinateSystem&gt;</peXml></coordRef><lineage><Process ToolSource="c:\program files\arcgis\pro\Resources\ArcToolbox\toolboxes\Data Management Tools.tbx\Merge" Date="20211013" Time="163451">Merge Aminghad;Badami;Bagalkot;Belagali;Bilagi;Guledagudda;Hunagund;Ilkal;Jamakhandi;Kamatagi;Kerur;Mahalingapura;Mudhol;Rabkavi;Terdal D:\KarnatakaStateGeoHub\ArcProFiles\GeoServices\GeoServices.gdb\BagalkotDistrictWards "Administra "Administra" true true false 10 Long 0 10,First,#,Aminghad,Administra,-1,-1,Badami,Administra,-1,-1,Bagalkot,Administra,-1,-1,Belagali,Administra,-1,-1,Bilagi,Administra,-1,-1,Guledagudda,Administra,-1,-1,Hunagund,Administra,-1,-1,Ilkal,Administra,-1,-1,Jamakhandi,Administra,-1,-1,Kamatagi,Administra,-1,-1,Kerur,Administra,-1,-1,Mahalingapura,Administra,-1,-1,Mudhol,Administra,-1,-1,Rabkavi,Administra,-1,-1,Terdal,Administra,-1,-1;Administ_1 "Administ_1" true true false 10 Text 0 0,First,#,Aminghad,Administ_1,0,10,Badami,Administ_1,0,10,Bagalkot,Administ_1,0,10,Belagali,Administ_1,0,10,Bilagi,Administ_1,0,10,Guledagudda,Administ_1,0,10,Hunagund,Administ_1,0,10,Ilkal,Administ_1,0,10,Jamakhandi,Administ_1,0,10,Kamatagi,Administ_1,0,10,Kerur,Administ_1,0,10,Mahalingapura,Administ_1,0,10,Mudhol,Administ_1,0,10,Rabkavi,Administ_1,0,10,Terdal,Administ_1,0,10;Administ_2 "Administ_2" true true false 10 Text 0 0,First,#,Aminghad,Administ_2,0,10,Badami,Administ_2,0,10,Bagalkot,Administ_2,0,10,Belagali,Administ_2,0,10,Bilagi,Administ_2,0,10,Guledagudda,Administ_2,0,10,Hunagund,Administ_2,0,10,Ilkal,Administ_2,0,10,Jamakhandi,Administ_2,0,10,Kamatagi,Administ_2,0,10,Kerur,Administ_2,0,10,Mahalingapura,Administ_2,0,10,Mudhol,Administ_2,0,10,Rabkavi,Administ_2,0,10,Terdal,Administ_2,0,10;Administ_3 "Administ_3" true true false 150 Text 0 0,First,#,Aminghad,Administ_3,0,150,Badami,Administ_3,0,150,Bagalkot,Administ_3,0,150,Belagali,Administ_3,0,150,Bilagi,Administ_3,0,150,Guledagudda,Administ_3,0,150,Hunagund,Administ_3,0,150,Ilkal,Administ_3,0,150,Jamakhandi,Administ_3,0,150,Kamatagi,Administ_3,0,150,Kerur,Administ_3,0,150,Mahalingapura,Administ_3,0,150,Mudhol,Administ_3,0,150,Rabkavi,Administ_3,0,150,Terdal,Administ_3,0,150;Administ_4 "Administ_4" true true false 4 Text 0 0,First,#,Aminghad,Administ_4,0,4,Badami,Administ_4,0,4,Bagalkot,Administ_4,0,4,Belagali,Administ_4,0,4,Bilagi,Administ_4,0,4,Guledagudda,Administ_4,0,4,Hunagund,Administ_4,0,4,Ilkal,Administ_4,0,4,Jamakhandi,Administ_4,0,4,Kamatagi,Administ_4,0,4,Kerur,Administ_4,0,4,Mahalingapura,Administ_4,0,4,Mudhol,Administ_4,0,4,Rabkavi,Administ_4,0,4,Terdal,Administ_4,0,4;Administ_5 "Administ_5" true true false 254 Text 0 0,First,#,Aminghad,Administ_5,0,254,Badami,Administ_5,0,254,Bagalkot,Administ_5,0,254,Belagali,Administ_5,0,254,Bilagi,Administ_5,0,254,Guledagudda,Administ_5,0,254,Hunagund,Administ_5,0,254,Ilkal,Administ_5,0,254,Jamakhandi,Administ_5,0,254,Kamatagi,Administ_5,0,254,Kerur,Administ_5,0,254,Mahalingapura,Administ_5,0,254,Mudhol,Administ_5,0,254,Rabkavi,Administ_5,0,254,Terdal,Administ_5,0,254;Administ_6 "Administ_6" true true false 8 Date 0 0,First,#,Aminghad,Administ_6,-1,-1,Badami,Administ_6,-1,-1,Bagalkot,Administ_6,-1,-1,Belagali,Administ_6,-1,-1,Bilagi,Administ_6,-1,-1,Guledagudda,Administ_6,-1,-1,Hunagund,Administ_6,-1,-1,Ilkal,Administ_6,-1,-1,Jamakhandi,Administ_6,-1,-1,Kamatagi,Administ_6,-1,-1,Kerur,Administ_6,-1,-1,Mahalingapura,Administ_6,-1,-1,Mudhol,Administ_6,-1,-1,Rabkavi,Administ_6,-1,-1,Terdal,Administ_6,-1,-1;Administ_7 "Administ_7" true true false 254 Text 0 0,First,#,Aminghad,Administ_7,0,254,Badami,Administ_7,0,254,Bagalkot,Administ_7,0,254,Belagali,Administ_7,0,254,Bilagi,Administ_7,0,254,Guledagudda,Administ_7,0,254,Hunagund,Administ_7,0,254,Ilkal,Administ_7,0,254,Jamakhandi,Administ_7,0,254,Kamatagi,Administ_7,0,254,Kerur,Administ_7,0,254,Mahalingapura,Administ_7,0,254,Mudhol,Administ_7,0,254,Rabkavi,Administ_7,0,254,Terdal,Administ_7,0,254;Administ_8 "Administ_8" true true false 8 Date 0 0,First,#,Aminghad,Administ_8,-1,-1,Badami,Administ_8,-1,-1,Bagalkot,Administ_8,-1,-1,Belagali,Administ_8,-1,-1,Bilagi,Administ_8,-1,-1,Guledagudda,Administ_8,-1,-1,Hunagund,Administ_8,-1,-1,Ilkal,Administ_8,-1,-1,Jamakhandi,Administ_8,-1,-1,Kamatagi,Administ_8,-1,-1,Kerur,Administ_8,-1,-1,Mahalingapura,Administ_8,-1,-1,Mudhol,Administ_8,-1,-1,Rabkavi,Administ_8,-1,-1,Terdal,Administ_8,-1,-1;Administ_9 "Administ_9" true true false 9 Long 0 9,First,#,Aminghad,Administ_9,-1,-1,Badami,Administ_9,-1,-1,Bagalkot,Administ_9,-1,-1,Belagali,Administ_9,-1,-1,Bilagi,Administ_9,-1,-1,Guledagudda,Administ_9,-1,-1,Hunagund,Administ_9,-1,-1,Ilkal,Administ_9,-1,-1,Jamakhandi,Administ_9,-1,-1,Kamatagi,Administ_9,-1,-1,Kerur,Administ_9,-1,-1,Mahalingapura,Administ_9,-1,-1,Mudhol,Administ_9,-1,-1,Rabkavi,Administ_9,-1,-1,Terdal,Administ_9,-1,-1;Adminis_10 "Adminis_10" true true false 10 Long 0 10,First,#,Aminghad,Adminis_10,-1,-1,Badami,Adminis_10,-1,-1,Bagalkot,Adminis_10,-1,-1,Belagali,Adminis_10,-1,-1,Bilagi,Adminis_10,-1,-1,Guledagudda,Adminis_10,-1,-1,Hunagund,Adminis_10,-1,-1,Ilkal,Adminis_10,-1,-1,Jamakhandi,Adminis_10,-1,-1,Kamatagi,Adminis_10,-1,-1,Kerur,Adminis_10,-1,-1,Mahalingapura,Adminis_10,-1,-1,Mudhol,Adminis_10,-1,-1,Rabkavi,Adminis_10,-1,-1,Terdal,Adminis_10,-1,-1;Adminis_11 "Adminis_11" true true false 4 Text 0 0,First,#,Aminghad,Adminis_11,0,4,Badami,Adminis_11,0,4,Bagalkot,Adminis_11,0,4,Belagali,Adminis_11,0,4,Bilagi,Adminis_11,0,4,Guledagudda,Adminis_11,0,4,Hunagund,Adminis_11,0,4,Ilkal,Adminis_11,0,4,Jamakhandi,Adminis_11,0,4,Kamatagi,Adminis_11,0,4,Kerur,Adminis_11,0,4,Mahalingapura,Adminis_11,0,4,Mudhol,Adminis_11,0,4,Rabkavi,Adminis_11,0,4,Terdal,Adminis_11,0,4;Adminis_12 "Adminis_12" true true false 100 Text 0 0,First,#,Aminghad,Adminis_12,0,100,Badami,Adminis_12,0,100,Bagalkot,Adminis_12,0,100,Belagali,Adminis_12,0,100,Bilagi,Adminis_12,0,100,Guledagudda,Adminis_12,0,100,Hunagund,Adminis_12,0,100,Ilkal,Adminis_12,0,100,Jamakhandi,Adminis_12,0,100,Kamatagi,Adminis_12,0,100,Kerur,Adminis_12,0,100,Mahalingapura,Adminis_12,0,100,Mudhol,Adminis_12,0,100,Rabkavi,Adminis_12,0,100,Terdal,Adminis_12,0,100;Adminis_13 "Adminis_13" true true false 50 Text 0 0,First,#,Aminghad,Adminis_13,0,50,Badami,Adminis_13,0,50,Bagalkot,Adminis_13,0,50,Belagali,Adminis_13,0,50,Bilagi,Adminis_13,0,50,Guledagudda,Adminis_13,0,50,Hunagund,Adminis_13,0,50,Ilkal,Adminis_13,0,50,Jamakhandi,Adminis_13,0,50,Kamatagi,Adminis_13,0,50,Kerur,Adminis_13,0,50,Mahalingapura,Adminis_13,0,50,Mudhol,Adminis_13,0,50,Rabkavi,Adminis_13,0,50,Terdal,Adminis_13,0,50;Adminis_14 "Adminis_14" true true false 2 Text 0 0,First,#,Aminghad,Adminis_14,0,2,Badami,Adminis_14,0,2,Bagalkot,Adminis_14,0,2,Belagali,Adminis_14,0,2,Bilagi,Adminis_14,0,2,Guledagudda,Adminis_14,0,2,Hunagund,Adminis_14,0,2,Ilkal,Adminis_14,0,2,Jamakhandi,Adminis_14,0,2,Kamatagi,Adminis_14,0,2,Kerur,Adminis_14,0,2,Mahalingapura,Adminis_14,0,2,Mudhol,Adminis_14,0,2,Rabkavi,Adminis_14,0,2,Terdal,Adminis_14,0,2;Adminis_15 "Adminis_15" true true false 254 Text 0 0,First,#,Aminghad,Adminis_15,0,254,Badami,Adminis_15,0,254,Bagalkot,Adminis_15,0,254,Belagali,Adminis_15,0,254,Bilagi,Adminis_15,0,254,Guledagudda,Adminis_15,0,254,Hunagund,Adminis_15,0,254,Ilkal,Adminis_15,0,254,Jamakhandi,Adminis_15,0,254,Kamatagi,Adminis_15,0,254,Kerur,Adminis_15,0,254,Mahalingapura,Adminis_15,0,254,Mudhol,Adminis_15,0,254,Rabkavi,Adminis_15,0,254,Terdal,Adminis_15,0,254;Adminis_16 "Adminis_16" true true false 8 Date 0 0,First,#,Aminghad,Adminis_16,-1,-1,Badami,Adminis_16,-1,-1,Bagalkot,Adminis_16,-1,-1,Belagali,Adminis_16,-1,-1,Bilagi,Adminis_16,-1,-1,Guledagudda,Adminis_16,-1,-1,Hunagund,Adminis_16,-1,-1,Ilkal,Adminis_16,-1,-1,Jamakhandi,Adminis_16,-1,-1,Kamatagi,Adminis_16,-1,-1,Kerur,Adminis_16,-1,-1,Mahalingapura,Adminis_16,-1,-1,Mudhol,Adminis_16,-1,-1,Rabkavi,Adminis_16,-1,-1,Terdal,Adminis_16,-1,-1;Adminis_17 "Adminis_17" true true false 254 Text 0 0,First,#,Aminghad,Adminis_17,0,254,Badami,Adminis_17,0,254,Bagalkot,Adminis_17,0,254,Belagali,Adminis_17,0,254,Bilagi,Adminis_17,0,254,Guledagudda,Adminis_17,0,254,Hunagund,Adminis_17,0,254,Ilkal,Adminis_17,0,254,Jamakhandi,Adminis_17,0,254,Kamatagi,Adminis_17,0,254,Kerur,Adminis_17,0,254,Mahalingapura,Adminis_17,0,254,Mudhol,Adminis_17,0,254,Rabkavi,Adminis_17,0,254,Terdal,Adminis_17,0,254;Adminis_18 "Adminis_18" true true false 8 Date 0 0,First,#,Aminghad,Adminis_18,-1,-1,Badami,Adminis_18,-1,-1,Bagalkot,Adminis_18,-1,-1,Belagali,Adminis_18,-1,-1,Bilagi,Adminis_18,-1,-1,Guledagudda,Adminis_18,-1,-1,Hunagund,Adminis_18,-1,-1,Ilkal,Adminis_18,-1,-1,Jamakhandi,Adminis_18,-1,-1,Kamatagi,Adminis_18,-1,-1,Kerur,Adminis_18,-1,-1,Mahalingapura,Adminis_18,-1,-1,Mudhol,Adminis_18,-1,-1,Rabkavi,Adminis_18,-1,-1,Terdal,Adminis_18,-1,-1" NO_SOURCE_INFO</Process><Process ToolSource="c:\program files\arcgis\pro\Resources\ArcToolbox\toolboxes\Data Management Tools.tbx\Merge" Date="20211014" Time="154806">Merge BagalkotDistrictWards;BelagaviDistrictWards;BellaryDistrictWards;BengaluruRuralDistrictWards;BengaluruUrbanDistrictWards;BidarDistrictWards;ChamarajnagaraDistrictWards;ChikkaballapurDistrictWards;ChikkamagaluruDistrictWards;ChitradurgaDistrictWards;DakshinaKannadaDistrictWards;DavanagereDistrictWards;DharawadDistrictWards;GadagDistrictWards;HassanDistrictWards;HaveriDistrictWards;KodaguDistrictWards;KolarDistrictWards;KoppalDistrictWards;MandyaDistrictWards;MysuruDistrictWards;RaichurDistrictWards;RamnagarDistrictWards;ShivamogaDistrictWards;TumkurDistrictWards;UdupiDistrictWards;UttarKannadaDistrictWards;VijaypuraDistrictWards;YadgirDistrictWards D:\KarnatakaStateGeoHub\ArcProFiles\GeoServices\GeoServices.gdb\AdminBoundaries\WardBoundary "Administra "Administra" true true false 4 Long 0 0,First,#,BagalkotDistrictWards,Administra,-1,-1,BelagaviDistrictWards,Administra,-1,-1,BellaryDistrictWards,Administra,-1,-1,BengaluruRuralDistrictWards,Administra,-1,-1,BengaluruUrbanDistrictWards,Administra,-1,-1,BidarDistrictWards,Administra,-1,-1,ChamarajnagaraDistrictWards,Administra,-1,-1,ChikkaballapurDistrictWards,Administra,-1,-1,ChikkamagaluruDistrictWards,Administra,-1,-1,ChitradurgaDistrictWards,Administra,-1,-1,DakshinaKannadaDistrictWards,Administra,-1,-1,DavanagereDistrictWards,Administra,-1,-1,DharawadDistrictWards,Administra,-1,-1,GadagDistrictWards,Administra,-1,-1,HassanDistrictWards,Administra,-1,-1,HaveriDistrictWards,Administra,-1,-1,KodaguDistrictWards,Administra,-1,-1,KolarDistrictWards,Administra,-1,-1,KoppalDistrictWards,Administra,-1,-1,MandyaDistrictWards,Administra,-1,-1,MysuruDistrictWards,Administra,-1,-1,RaichurDistrictWards,Administra,-1,-1,RamnagarDistrictWards,Administra,-1,-1,ShivamogaDistrictWards,Administra,-1,-1,TumkurDistrictWards,Administra,-1,-1,UdupiDistrictWards,Administra,-1,-1,UttarKannadaDistrictWards,Administra,-1,-1,VijaypuraDistrictWards,Administra,-1,-1,YadgirDistrictWards,Administra,-1,-1;Administ_1 "Administ_1" true true false 10 Text 0 0,First,#,BagalkotDistrictWards,Administ_1,0,10,BelagaviDistrictWards,Administ_1,0,10,BellaryDistrictWards,Administ_1,0,10,BengaluruRuralDistrictWards,Administ_1,0,10,BengaluruUrbanDistrictWards,Administ_1,0,10,BidarDistrictWards,Administ_1,0,10,ChamarajnagaraDistrictWards,Administ_1,0,10,ChikkaballapurDistrictWards,Administ_1,0,10,ChikkamagaluruDistrictWards,Administ_1,0,10,ChitradurgaDistrictWards,Administ_1,0,10,DakshinaKannadaDistrictWards,Administ_1,0,10,DavanagereDistrictWards,Administ_1,0,10,DharawadDistrictWards,Administ_1,0,10,GadagDistrictWards,Administ_1,0,10,HassanDistrictWards,Administ_1,0,10,HaveriDistrictWards,Administ_1,0,10,KodaguDistrictWards,Administ_1,0,10,KolarDistrictWards,Administ_1,0,10,KoppalDistrictWards,Administ_1,0,10,MandyaDistrictWards,Administ_1,0,10,MysuruDistrictWards,Administ_1,0,10,RaichurDistrictWards,Administ_1,0,10,RamnagarDistrictWards,Administ_1,0,10,ShivamogaDistrictWards,Administ_1,0,10,TumkurDistrictWards,Administ_1,0,10,UdupiDistrictWards,Administ_1,0,10,UttarKannadaDistrictWards,Administ_1,0,10,VijaypuraDistrictWards,Administ_1,0,10,YadgirDistrictWards,Administ_1,0,10;Administ_2 "Administ_2" true true false 10 Text 0 0,First,#,BagalkotDistrictWards,Administ_2,0,10,BelagaviDistrictWards,Administ_2,0,10,BellaryDistrictWards,Administ_2,0,10,BengaluruRuralDistrictWards,Administ_2,0,10,BengaluruUrbanDistrictWards,Administ_2,0,10,BidarDistrictWards,Administ_2,0,10,ChamarajnagaraDistrictWards,Administ_2,0,10,ChikkaballapurDistrictWards,Administ_2,0,10,ChikkamagaluruDistrictWards,Administ_2,0,10,ChitradurgaDistrictWards,Administ_2,0,10,DakshinaKannadaDistrictWards,Administ_2,0,10,DavanagereDistrictWards,Administ_2,0,10,DharawadDistrictWards,Administ_2,0,10,GadagDistrictWards,Administ_2,0,10,HassanDistrictWards,Administ_2,0,10,HaveriDistrictWards,Administ_2,0,10,KodaguDistrictWards,Administ_2,0,10,KolarDistrictWards,Administ_2,0,10,KoppalDistrictWards,Administ_2,0,10,MandyaDistrictWards,Administ_2,0,10,MysuruDistrictWards,Administ_2,0,10,RaichurDistrictWards,Administ_2,0,10,RamnagarDistrictWards,Administ_2,0,10,ShivamogaDistrictWards,Administ_2,0,10,TumkurDistrictWards,Administ_2,0,10,UdupiDistrictWards,Administ_2,0,10,UttarKannadaDistrictWards,Administ_2,0,10,VijaypuraDistrictWards,Administ_2,0,10,YadgirDistrictWards,Administ_2,0,10;Administ_3 "Administ_3" true true false 150 Text 0 0,First,#,BagalkotDistrictWards,Administ_3,0,150,BelagaviDistrictWards,Administ_3,0,150,BellaryDistrictWards,Administ_3,0,150,BengaluruRuralDistrictWards,Administ_3,0,150,BengaluruUrbanDistrictWards,Administ_3,0,150,BidarDistrictWards,Administ_3,0,150,ChamarajnagaraDistrictWards,Administ_3,0,150,ChikkaballapurDistrictWards,Administ_3,0,150,ChikkamagaluruDistrictWards,Administ_3,0,150,ChitradurgaDistrictWards,Administ_3,0,150,DakshinaKannadaDistrictWards,Administ_3,0,150,DavanagereDistrictWards,Administ_3,0,150,DharawadDistrictWards,Administ_3,0,150,GadagDistrictWards,Administ_3,0,150,HassanDistrictWards,Administ_3,0,150,HaveriDistrictWards,Administ_3,0,150,KodaguDistrictWards,Administ_3,0,150,KolarDistrictWards,Administ_3,0,150,KoppalDistrictWards,Administ_3,0,150,MandyaDistrictWards,Administ_3,0,150,MysuruDistrictWards,Administ_3,0,150,RaichurDistrictWards,Administ_3,0,150,RamnagarDistrictWards,Administ_3,0,150,ShivamogaDistrictWards,Administ_3,0,150,TumkurDistrictWards,Administ_3,0,150,UdupiDistrictWards,Administ_3,0,150,UttarKannadaDistrictWards,Administ_3,0,150,VijaypuraDistrictWards,Administ_3,0,150,YadgirDistrictWards,Administ_3,0,150;Administ_4 "Administ_4" true true false 4 Text 0 0,First,#,BagalkotDistrictWards,Administ_4,0,4,BelagaviDistrictWards,Administ_4,0,4,BellaryDistrictWards,Administ_4,0,4,BengaluruRuralDistrictWards,Administ_4,0,4,BengaluruUrbanDistrictWards,Administ_4,0,4,BidarDistrictWards,Administ_4,0,4,ChamarajnagaraDistrictWards,Administ_4,0,4,ChikkaballapurDistrictWards,Administ_4,0,4,ChikkamagaluruDistrictWards,Administ_4,0,4,ChitradurgaDistrictWards,Administ_4,0,4,DakshinaKannadaDistrictWards,Administ_4,0,4,DavanagereDistrictWards,Administ_4,0,4,DharawadDistrictWards,Administ_4,0,4,GadagDistrictWards,Administ_4,0,4,HassanDistrictWards,Administ_4,0,4,HaveriDistrictWards,Administ_4,0,4,KodaguDistrictWards,Administ_4,0,4,KolarDistrictWards,Administ_4,0,4,KoppalDistrictWards,Administ_4,0,4,MandyaDistrictWards,Administ_4,0,4,MysuruDistrictWards,Administ_4,0,4,RaichurDistrictWards,Administ_4,0,4,RamnagarDistrictWards,Administ_4,0,4,ShivamogaDistrictWards,Administ_4,0,4,TumkurDistrictWards,Administ_4,0,4,UdupiDistrictWards,Administ_4,0,4,UttarKannadaDistrictWards,Administ_4,0,4,VijaypuraDistrictWards,Administ_4,0,4,YadgirDistrictWards,Administ_4,0,4;Administ_5 "Administ_5" true true false 254 Text 0 0,First,#,BagalkotDistrictWards,Administ_5,0,254,BelagaviDistrictWards,Administ_5,0,254,BellaryDistrictWards,Administ_5,0,254,BengaluruRuralDistrictWards,Administ_5,0,254,BengaluruUrbanDistrictWards,Administ_5,0,254,BidarDistrictWards,Administ_5,0,254,ChamarajnagaraDistrictWards,Administ_5,0,254,ChikkaballapurDistrictWards,Administ_5,0,254,ChikkamagaluruDistrictWards,Administ_5,0,254,ChitradurgaDistrictWards,Administ_5,0,254,DakshinaKannadaDistrictWards,Administ_5,0,254,DavanagereDistrictWards,Administ_5,0,254,DharawadDistrictWards,Administ_5,0,254,GadagDistrictWards,Administ_5,0,254,HassanDistrictWards,Administ_5,0,254,HaveriDistrictWards,Administ_5,0,254,KodaguDistrictWards,Administ_5,0,254,KolarDistrictWards,Administ_5,0,254,KoppalDistrictWards,Administ_5,0,254,MandyaDistrictWards,Administ_5,0,254,MysuruDistrictWards,Administ_5,0,254,RaichurDistrictWards,Administ_5,0,254,RamnagarDistrictWards,Administ_5,0,254,ShivamogaDistrictWards,Administ_5,0,254,TumkurDistrictWards,Administ_5,0,254,UdupiDistrictWards,Administ_5,0,254,UttarKannadaDistrictWards,Administ_5,0,254,VijaypuraDistrictWards,Administ_5,0,254,YadgirDistrictWards,Administ_5,0,254;Administ_6 "Administ_6" true true false 8 Date 0 0,First,#,BagalkotDistrictWards,Administ_6,-1,-1,BelagaviDistrictWards,Administ_6,-1,-1,BellaryDistrictWards,Administ_6,-1,-1,BengaluruRuralDistrictWards,Administ_6,-1,-1,BengaluruUrbanDistrictWards,Administ_6,-1,-1,BidarDistrictWards,Administ_6,-1,-1,ChamarajnagaraDistrictWards,Administ_6,-1,-1,ChikkaballapurDistrictWards,Administ_6,-1,-1,ChikkamagaluruDistrictWards,Administ_6,-1,-1,ChitradurgaDistrictWards,Administ_6,-1,-1,DakshinaKannadaDistrictWards,Administ_6,-1,-1,DavanagereDistrictWards,Administ_6,-1,-1,DharawadDistrictWards,Administ_6,-1,-1,GadagDistrictWards,Administ_6,-1,-1,HassanDistrictWards,Administ_6,-1,-1,HaveriDistrictWards,Administ_6,-1,-1,KodaguDistrictWards,Administ_6,-1,-1,KolarDistrictWards,Administ_6,-1,-1,KoppalDistrictWards,Administ_6,-1,-1,MandyaDistrictWards,Administ_6,-1,-1,MysuruDistrictWards,Administ_6,-1,-1,RaichurDistrictWards,Administ_6,-1,-1,RamnagarDistrictWards,Administ_6,-1,-1,ShivamogaDistrictWards,Administ_6,-1,-1,TumkurDistrictWards,Administ_6,-1,-1,UdupiDistrictWards,Administ_6,-1,-1,UttarKannadaDistrictWards,Administ_6,-1,-1,VijaypuraDistrictWards,Administ_6,-1,-1,YadgirDistrictWards,Administ_6,-1,-1;Administ_7 "Administ_7" true true false 254 Text 0 0,First,#,BagalkotDistrictWards,Administ_7,0,254,BelagaviDistrictWards,Administ_7,0,254,BellaryDistrictWards,Administ_7,0,254,BengaluruRuralDistrictWards,Administ_7,0,254,BengaluruUrbanDistrictWards,Administ_7,0,254,BidarDistrictWards,Administ_7,0,254,ChamarajnagaraDistrictWards,Administ_7,0,254,ChikkaballapurDistrictWards,Administ_7,0,254,ChikkamagaluruDistrictWards,Administ_7,0,254,ChitradurgaDistrictWards,Administ_7,0,254,DakshinaKannadaDistrictWards,Administ_7,0,254,DavanagereDistrictWards,Administ_7,0,254,DharawadDistrictWards,Administ_7,0,254,GadagDistrictWards,Administ_7,0,254,HassanDistrictWards,Administ_7,0,254,HaveriDistrictWards,Administ_7,0,254,KodaguDistrictWards,Administ_7,0,254,KolarDistrictWards,Administ_7,0,254,KoppalDistrictWards,Administ_7,0,254,MandyaDistrictWards,Administ_7,0,254,MysuruDistrictWards,Administ_7,0,254,RaichurDistrictWards,Administ_7,0,254,RamnagarDistrictWards,Administ_7,0,254,ShivamogaDistrictWards,Administ_7,0,254,TumkurDistrictWards,Administ_7,0,254,UdupiDistrictWards,Administ_7,0,254,UttarKannadaDistrictWards,Administ_7,0,254,VijaypuraDistrictWards,Administ_7,0,254,YadgirDistrictWards,Administ_7,0,254;Administ_8 "Administ_8" true true false 8 Date 0 0,First,#,BagalkotDistrictWards,Administ_8,-1,-1,BelagaviDistrictWards,Administ_8,-1,-1,BellaryDistrictWards,Administ_8,-1,-1,BengaluruRuralDistrictWards,Administ_8,-1,-1,BengaluruUrbanDistrictWards,Administ_8,-1,-1,BidarDistrictWards,Administ_8,-1,-1,ChamarajnagaraDistrictWards,Administ_8,-1,-1,ChikkaballapurDistrictWards,Administ_8,-1,-1,ChikkamagaluruDistrictWards,Administ_8,-1,-1,ChitradurgaDistrictWards,Administ_8,-1,-1,DakshinaKannadaDistrictWards,Administ_8,-1,-1,DavanagereDistrictWards,Administ_8,-1,-1,DharawadDistrictWards,Administ_8,-1,-1,GadagDistrictWards,Administ_8,-1,-1,HassanDistrictWards,Administ_8,-1,-1,HaveriDistrictWards,Administ_8,-1,-1,KodaguDistrictWards,Administ_8,-1,-1,KolarDistrictWards,Administ_8,-1,-1,KoppalDistrictWards,Administ_8,-1,-1,MandyaDistrictWards,Administ_8,-1,-1,MysuruDistrictWards,Administ_8,-1,-1,RaichurDistrictWards,Administ_8,-1,-1,RamnagarDistrictWards,Administ_8,-1,-1,ShivamogaDistrictWards,Administ_8,-1,-1,TumkurDistrictWards,Administ_8,-1,-1,UdupiDistrictWards,Administ_8,-1,-1,UttarKannadaDistrictWards,Administ_8,-1,-1,VijaypuraDistrictWards,Administ_8,-1,-1,YadgirDistrictWards,Administ_8,-1,-1;Administ_9 "Administ_9" true true false 4 Long 0 0,First,#,BagalkotDistrictWards,Administ_9,-1,-1,BelagaviDistrictWards,Administ_9,-1,-1,BellaryDistrictWards,Administ_9,-1,-1,BengaluruRuralDistrictWards,Administ_9,-1,-1,BengaluruUrbanDistrictWards,Administ_9,-1,-1,BidarDistrictWards,Administ_9,-1,-1,ChamarajnagaraDistrictWards,Administ_9,-1,-1,ChikkaballapurDistrictWards,Administ_9,-1,-1,ChikkamagaluruDistrictWards,Administ_9,-1,-1,ChitradurgaDistrictWards,Administ_9,-1,-1,DakshinaKannadaDistrictWards,Administ_9,-1,-1,DavanagereDistrictWards,Administ_9,-1,-1,DharawadDistrictWards,Administ_9,-1,-1,GadagDistrictWards,Administ_9,-1,-1,HassanDistrictWards,Administ_9,-1,-1,HaveriDistrictWards,Administ_9,-1,-1,KodaguDistrictWards,Administ_9,-1,-1,KolarDistrictWards,Administ_9,-1,-1,KoppalDistrictWards,Administ_9,-1,-1,MandyaDistrictWards,Administ_9,-1,-1,MysuruDistrictWards,Administ_9,-1,-1,RaichurDistrictWards,Administ_9,-1,-1,RamnagarDistrictWards,Administ_9,-1,-1,ShivamogaDistrictWards,Administ_9,-1,-1,TumkurDistrictWards,Administ_9,-1,-1,UdupiDistrictWards,Administ_9,-1,-1,UttarKannadaDistrictWards,Administ_9,-1,-1,VijaypuraDistrictWards,Administ_9,-1,-1,YadgirDistrictWards,Administ_9,-1,-1;Adminis_10 "Adminis_10" true true false 4 Long 0 0,First,#,BagalkotDistrictWards,Adminis_10,-1,-1,BelagaviDistrictWards,Adminis_10,-1,-1,BellaryDistrictWards,Adminis_10,-1,-1,BengaluruRuralDistrictWards,Adminis_10,-1,-1,BengaluruUrbanDistrictWards,Adminis_10,-1,-1,BidarDistrictWards,Adminis_10,-1,-1,ChamarajnagaraDistrictWards,Adminis_10,-1,-1,ChikkaballapurDistrictWards,Adminis_10,-1,-1,ChikkamagaluruDistrictWards,Adminis_10,-1,-1,ChitradurgaDistrictWards,Adminis_10,-1,-1,DakshinaKannadaDistrictWards,Adminis_10,-1,-1,DavanagereDistrictWards,Adminis_10,-1,-1,DharawadDistrictWards,Adminis_10,-1,-1,GadagDistrictWards,Adminis_10,-1,-1,HassanDistrictWards,Adminis_10,-1,-1,HaveriDistrictWards,Adminis_10,-1,-1,KodaguDistrictWards,Adminis_10,-1,-1,KolarDistrictWards,Adminis_10,-1,-1,KoppalDistrictWards,Adminis_10,-1,-1,MandyaDistrictWards,Adminis_10,-1,-1,MysuruDistrictWards,Adminis_10,-1,-1,RaichurDistrictWards,Adminis_10,-1,-1,RamnagarDistrictWards,Adminis_10,-1,-1,ShivamogaDistrictWards,Adminis_10,-1,-1,TumkurDistrictWards,Adminis_10,-1,-1,UdupiDistrictWards,Adminis_10,-1,-1,UttarKannadaDistrictWards,Adminis_10,-1,-1,VijaypuraDistrictWards,Adminis_10,-1,-1,YadgirDistrictWards,Adminis_10,-1,-1;Adminis_11 "Adminis_11" true true false 4 Text 0 0,First,#,BagalkotDistrictWards,Adminis_11,0,4,BelagaviDistrictWards,Adminis_11,0,4,BellaryDistrictWards,Adminis_11,0,4,BengaluruRuralDistrictWards,Adminis_11,0,4,BengaluruUrbanDistrictWards,Adminis_11,0,4,BidarDistrictWards,Adminis_11,0,4,ChamarajnagaraDistrictWards,Adminis_11,0,4,ChikkaballapurDistrictWards,Adminis_11,0,4,ChikkamagaluruDistrictWards,Adminis_11,0,4,ChitradurgaDistrictWards,Adminis_11,0,4,DakshinaKannadaDistrictWards,Adminis_11,0,4,DavanagereDistrictWards,Adminis_11,0,4,DharawadDistrictWards,Adminis_11,0,4,GadagDistrictWards,Adminis_11,0,4,HassanDistrictWards,Adminis_11,0,4,HaveriDistrictWards,Adminis_11,0,4,KodaguDistrictWards,Adminis_11,0,4,KolarDistrictWards,Adminis_11,0,4,KoppalDistrictWards,Adminis_11,0,4,MandyaDistrictWards,Adminis_11,0,4,MysuruDistrictWards,Adminis_11,0,4,RaichurDistrictWards,Adminis_11,0,4,RamnagarDistrictWards,Adminis_11,0,4,ShivamogaDistrictWards,Adminis_11,0,4,TumkurDistrictWards,Adminis_11,0,4,UdupiDistrictWards,Adminis_11,0,4,UttarKannadaDistrictWards,Adminis_11,0,4,VijaypuraDistrictWards,Adminis_11,0,4,YadgirDistrictWards,Adminis_11,0,4;Adminis_12 "Adminis_12" true true false 100 Text 0 0,First,#,BagalkotDistrictWards,Adminis_12,0,100,BelagaviDistrictWards,Adminis_12,0,100,BellaryDistrictWards,Adminis_12,0,100,BengaluruRuralDistrictWards,Adminis_12,0,100,BengaluruUrbanDistrictWards,Adminis_12,0,100,BidarDistrictWards,Adminis_12,0,100,ChamarajnagaraDistrictWards,Adminis_12,0,100,ChikkaballapurDistrictWards,Adminis_12,0,100,ChikkamagaluruDistrictWards,Adminis_12,0,100,ChitradurgaDistrictWards,Adminis_12,0,100,DakshinaKannadaDistrictWards,Adminis_12,0,100,DavanagereDistrictWards,Adminis_12,0,100,DharawadDistrictWards,Adminis_12,0,100,GadagDistrictWards,Adminis_12,0,100,HassanDistrictWards,Adminis_12,0,100,HaveriDistrictWards,Adminis_12,0,100,KodaguDistrictWards,Adminis_12,0,100,KolarDistrictWards,Adminis_12,0,100,KoppalDistrictWards,Adminis_12,0,100,MandyaDistrictWards,Adminis_12,0,100,MysuruDistrictWards,Adminis_12,0,100,RaichurDistrictWards,Adminis_12,0,100,RamnagarDistrictWards,Adminis_12,0,100,ShivamogaDistrictWards,Adminis_12,0,100,TumkurDistrictWards,Adminis_12,0,100,UdupiDistrictWards,Adminis_12,0,100,UttarKannadaDistrictWards,Adminis_12,0,100,VijaypuraDistrictWards,Adminis_12,0,100,YadgirDistrictWards,Adminis_12,0,100;Adminis_13 "Adminis_13" true true false 50 Text 0 0,First,#,BagalkotDistrictWards,Adminis_13,0,50,BelagaviDistrictWards,Adminis_13,0,50,BellaryDistrictWards,Adminis_13,0,50,BengaluruRuralDistrictWards,Adminis_13,0,50,BengaluruUrbanDistrictWards,Adminis_13,0,50,BidarDistrictWards,Adminis_13,0,50,ChamarajnagaraDistrictWards,Adminis_13,0,50,ChikkaballapurDistrictWards,Adminis_13,0,50,ChikkamagaluruDistrictWards,Adminis_13,0,50,ChitradurgaDistrictWards,Adminis_13,0,50,DakshinaKannadaDistrictWards,Adminis_13,0,50,DavanagereDistrictWards,Adminis_13,0,50,DharawadDistrictWards,Adminis_13,0,50,GadagDistrictWards,Adminis_13,0,50,HassanDistrictWards,Adminis_13,0,50,HaveriDistrictWards,Adminis_13,0,50,KodaguDistrictWards,Adminis_13,0,50,KolarDistrictWards,Adminis_13,0,50,KoppalDistrictWards,Adminis_13,0,50,MandyaDistrictWards,Adminis_13,0,50,MysuruDistrictWards,Adminis_13,0,50,RaichurDistrictWards,Adminis_13,0,50,RamnagarDistrictWards,Adminis_13,0,50,ShivamogaDistrictWards,Adminis_13,0,50,TumkurDistrictWards,Adminis_13,0,50,UdupiDistrictWards,Adminis_13,0,50,UttarKannadaDistrictWards,Adminis_13,0,50,VijaypuraDistrictWards,Adminis_13,0,50,YadgirDistrictWards,Adminis_13,0,50;Adminis_14 "Adminis_14" true true false 2 Text 0 0,First,#,BagalkotDistrictWards,Adminis_14,0,2,BelagaviDistrictWards,Adminis_14,0,2,BellaryDistrictWards,Adminis_14,0,2,BengaluruRuralDistrictWards,Adminis_14,0,2,BengaluruUrbanDistrictWards,Adminis_14,0,2,BidarDistrictWards,Adminis_14,0,2,ChamarajnagaraDistrictWards,Adminis_14,0,2,ChikkaballapurDistrictWards,Adminis_14,0,2,ChikkamagaluruDistrictWards,Adminis_14,0,2,ChitradurgaDistrictWards,Adminis_14,0,2,DakshinaKannadaDistrictWards,Adminis_14,0,2,DavanagereDistrictWards,Adminis_14,0,2,DharawadDistrictWards,Adminis_14,0,2,GadagDistrictWards,Adminis_14,0,2,HassanDistrictWards,Adminis_14,0,2,HaveriDistrictWards,Adminis_14,0,2,KodaguDistrictWards,Adminis_14,0,2,KolarDistrictWards,Adminis_14,0,2,KoppalDistrictWards,Adminis_14,0,2,MandyaDistrictWards,Adminis_14,0,2,MysuruDistrictWards,Adminis_14,0,2,RaichurDistrictWards,Adminis_14,0,2,RamnagarDistrictWards,Adminis_14,0,2,ShivamogaDistrictWards,Adminis_14,0,2,TumkurDistrictWards,Adminis_14,0,2,UdupiDistrictWards,Adminis_14,0,2,UttarKannadaDistrictWards,Adminis_14,0,2,VijaypuraDistrictWards,Adminis_14,0,2,YadgirDistrictWards,Adminis_14,0,2;Adminis_15 "Adminis_15" true true false 254 Text 0 0,First,#,BagalkotDistrictWards,Adminis_15,0,254,BelagaviDistrictWards,Adminis_15,0,254,BellaryDistrictWards,Adminis_15,0,254,BengaluruRuralDistrictWards,Adminis_15,0,254,BengaluruUrbanDistrictWards,Adminis_15,0,254,BidarDistrictWards,Adminis_15,0,254,ChamarajnagaraDistrictWards,Adminis_15,0,254,ChikkaballapurDistrictWards,Adminis_15,0,254,ChikkamagaluruDistrictWards,Adminis_15,0,254,ChitradurgaDistrictWards,Adminis_15,0,254,DakshinaKannadaDistrictWards,Adminis_15,0,254,DavanagereDistrictWards,Adminis_15,0,254,DharawadDistrictWards,Adminis_15,0,254,GadagDistrictWards,Adminis_15,0,254,HassanDistrictWards,Adminis_15,0,254,HaveriDistrictWards,Adminis_15,0,254,KodaguDistrictWards,Adminis_15,0,254,KolarDistrictWards,Adminis_15,0,254,KoppalDistrictWards,Adminis_15,0,254,MandyaDistrictWards,Adminis_15,0,254,MysuruDistrictWards,Adminis_15,0,254,RaichurDistrictWards,Adminis_15,0,254,RamnagarDistrictWards,Adminis_15,0,254,ShivamogaDistrictWards,Adminis_15,0,254,TumkurDistrictWards,Adminis_15,0,254,UdupiDistrictWards,Adminis_15,0,254,UttarKannadaDistrictWards,Adminis_15,0,254,VijaypuraDistrictWards,Adminis_15,0,254,YadgirDistrictWards,Adminis_15,0,254;Adminis_16 "Adminis_16" true true false 8 Date 0 0,First,#,BagalkotDistrictWards,Adminis_16,-1,-1,BelagaviDistrictWards,Adminis_16,-1,-1,BellaryDistrictWards,Adminis_16,-1,-1,BengaluruRuralDistrictWards,Adminis_16,-1,-1,BengaluruUrbanDistrictWards,Adminis_16,-1,-1,BidarDistrictWards,Adminis_16,-1,-1,ChamarajnagaraDistrictWards,Adminis_16,-1,-1,ChikkaballapurDistrictWards,Adminis_16,-1,-1,ChikkamagaluruDistrictWards,Adminis_16,-1,-1,ChitradurgaDistrictWards,Adminis_16,-1,-1,DakshinaKannadaDistrictWards,Adminis_16,-1,-1,DavanagereDistrictWards,Adminis_16,-1,-1,DharawadDistrictWards,Adminis_16,-1,-1,GadagDistrictWards,Adminis_16,-1,-1,HassanDistrictWards,Adminis_16,-1,-1,HaveriDistrictWards,Adminis_16,-1,-1,KodaguDistrictWards,Adminis_16,-1,-1,KolarDistrictWards,Adminis_16,-1,-1,KoppalDistrictWards,Adminis_16,-1,-1,MandyaDistrictWards,Adminis_16,-1,-1,MysuruDistrictWards,Adminis_16,-1,-1,RaichurDistrictWards,Adminis_16,-1,-1,RamnagarDistrictWards,Adminis_16,-1,-1,ShivamogaDistrictWards,Adminis_16,-1,-1,TumkurDistrictWards,Adminis_16,-1,-1,UdupiDistrictWards,Adminis_16,-1,-1,UttarKannadaDistrictWards,Adminis_16,-1,-1,VijaypuraDistrictWards,Adminis_16,-1,-1,YadgirDistrictWards,Adminis_16,-1,-1;Adminis_17 "Adminis_17" true true false 254 Text 0 0,First,#,BagalkotDistrictWards,Adminis_17,0,254,BelagaviDistrictWards,Adminis_17,0,254,BellaryDistrictWards,Adminis_17,0,254,BengaluruRuralDistrictWards,Adminis_17,0,254,BengaluruUrbanDistrictWards,Adminis_17,0,254,BidarDistrictWards,Adminis_17,0,254,ChamarajnagaraDistrictWards,Adminis_17,0,254,ChikkaballapurDistrictWards,Adminis_17,0,254,ChikkamagaluruDistrictWards,Adminis_17,0,254,ChitradurgaDistrictWards,Adminis_17,0,254,DakshinaKannadaDistrictWards,Adminis_17,0,254,DavanagereDistrictWards,Adminis_17,0,254,DharawadDistrictWards,Adminis_17,0,254,GadagDistrictWards,Adminis_17,0,254,HassanDistrictWards,Adminis_17,0,254,HaveriDistrictWards,Adminis_17,0,254,KodaguDistrictWards,Adminis_17,0,254,KolarDistrictWards,Adminis_17,0,254,KoppalDistrictWards,Adminis_17,0,254,MandyaDistrictWards,Adminis_17,0,254,MysuruDistrictWards,Adminis_17,0,254,RaichurDistrictWards,Adminis_17,0,254,RamnagarDistrictWards,Adminis_17,0,254,ShivamogaDistrictWards,Adminis_17,0,254,TumkurDistrictWards,Adminis_17,0,254,UdupiDistrictWards,Adminis_17,0,254,UttarKannadaDistrictWards,Adminis_17,0,254,VijaypuraDistrictWards,Adminis_17,0,254,YadgirDistrictWards,Adminis_17,0,254;Adminis_18 "Adminis_18" true true false 8 Date 0 0,First,#,BagalkotDistrictWards,Adminis_18,-1,-1,BelagaviDistrictWards,Adminis_18,-1,-1,BellaryDistrictWards,Adminis_18,-1,-1,BengaluruRuralDistrictWards,Adminis_18,-1,-1,BengaluruUrbanDistrictWards,Adminis_18,-1,-1,BidarDistrictWards,Adminis_18,-1,-1,ChamarajnagaraDistrictWards,Adminis_18,-1,-1,ChikkaballapurDistrictWards,Adminis_18,-1,-1,ChikkamagaluruDistrictWards,Adminis_18,-1,-1,ChitradurgaDistrictWards,Adminis_18,-1,-1,DakshinaKannadaDistrictWards,Adminis_18,-1,-1,DavanagereDistrictWards,Adminis_18,-1,-1,DharawadDistrictWards,Adminis_18,-1,-1,GadagDistrictWards,Adminis_18,-1,-1,HassanDistrictWards,Adminis_18,-1,-1,HaveriDistrictWards,Adminis_18,-1,-1,KodaguDistrictWards,Adminis_18,-1,-1,KolarDistrictWards,Adminis_18,-1,-1,KoppalDistrictWards,Adminis_18,-1,-1,MandyaDistrictWards,Adminis_18,-1,-1,MysuruDistrictWards,Adminis_18,-1,-1,RaichurDistrictWards,Adminis_18,-1,-1,RamnagarDistrictWards,Adminis_18,-1,-1,ShivamogaDistrictWards,Adminis_18,-1,-1,TumkurDistrictWards,Adminis_18,-1,-1,UdupiDistrictWards,Adminis_18,-1,-1,UttarKannadaDistrictWards,Adminis_18,-1,-1,VijaypuraDistrictWards,Adminis_18,-1,-1,YadgirDistrictWards,Adminis_18,-1,-1;Shape_Length "Shape_Length" false true true 8 Double 0 0,First,#,BagalkotDistrictWards,Shape_Length,-1,-1,BelagaviDistrictWards,Shape_Length,-1,-1,BellaryDistrictWards,Shape_Length,-1,-1,BengaluruRuralDistrictWards,Shape_Length,-1,-1,BengaluruUrbanDistrictWards,Shape_Length,-1,-1,BidarDistrictWards,Shape_Length,-1,-1,ChamarajnagaraDistrictWards,Shape_Length,-1,-1,ChikkaballapurDistrictWards,Shape_Length,-1,-1,ChikkamagaluruDistrictWards,Shape_Length,-1,-1,ChitradurgaDistrictWards,Shape_Length,-1,-1,DakshinaKannadaDistrictWards,Shape_Length,-1,-1,DavanagereDistrictWards,Shape_Length,-1,-1,DharawadDistrictWards,Shape_Length,-1,-1,GadagDistrictWards,Shape_Length,-1,-1,HassanDistrictWards,Shape_Length,-1,-1,HaveriDistrictWards,Shape_Length,-1,-1,KodaguDistrictWards,Shape_Length,-1,-1,KolarDistrictWards,Shape_Length,-1,-1,KoppalDistrictWards,Shape_Length,-1,-1,MandyaDistrictWards,Shape_Length,-1,-1,MysuruDistrictWards,Shape_Length,-1,-1,RaichurDistrictWards,Shape_Length,-1,-1,RamnagarDistrictWards,Shape_Length,-1,-1,ShivamogaDistrictWards,Shape_Length,-1,-1,TumkurDistrictWards,Shape_Length,-1,-1,UdupiDistrictWards,Shape_Length,-1,-1,UttarKannadaDistrictWards,Shape_Length,-1,-1,VijaypuraDistrictWards,Shape_Length,-1,-1,YadgirDistrictWards,Shape_Length,-1,-1;Shape_Area "Shape_Area" false true true 8 Double 0 0,First,#,BagalkotDistrictWards,Shape_Area,-1,-1,BelagaviDistrictWards,Shape_Area,-1,-1,BellaryDistrictWards,Shape_Area,-1,-1,BengaluruRuralDistrictWards,Shape_Area,-1,-1,BengaluruUrbanDistrictWards,Shape_Area,-1,-1,BidarDistrictWards,Shape_Area,-1,-1,ChamarajnagaraDistrictWards,Shape_Area,-1,-1,ChikkaballapurDistrictWards,Shape_Area,-1,-1,ChikkamagaluruDistrictWards,Shape_Area,-1,-1,ChitradurgaDistrictWards,Shape_Area,-1,-1,DakshinaKannadaDistrictWards,Shape_Area,-1,-1,DavanagereDistrictWards,Shape_Area,-1,-1,DharawadDistrictWards,Shape_Area,-1,-1,GadagDistrictWards,Shape_Area,-1,-1,HassanDistrictWards,Shape_Area,-1,-1,HaveriDistrictWards,Shape_Area,-1,-1,KodaguDistrictWards,Shape_Area,-1,-1,KolarDistrictWards,Shape_Area,-1,-1,KoppalDistrictWards,Shape_Area,-1,-1,MandyaDistrictWards,Shape_Area,-1,-1,MysuruDistrictWards,Shape_Area,-1,-1,RaichurDistrictWards,Shape_Area,-1,-1,RamnagarDistrictWards,Shape_Area,-1,-1,ShivamogaDistrictWards,Shape_Area,-1,-1,TumkurDistrictWards,Shape_Area,-1,-1,UdupiDistrictWards,Shape_Area,-1,-1,UttarKannadaDistrictWards,Shape_Area,-1,-1,VijaypuraDistrictWards,Shape_Area,-1,-1,YadgirDistrictWards,Shape_Area,-1,-1" NO_SOURCE_INFO</Process><Process ToolSource="c:\program files\arcgis\pro\Resources\ArcToolbox\toolboxes\Conversion Tools.tbx\FeatureClassToFeatureClass" Date="20211014" Time="154924">FeatureClassToFeatureClass WardBoundary "D:\KarnatakaStateGeoHub\Data\Admin Boundaries\WardData\AllWardBoundaries" WardBoundary.shp # "Administra "Administra" true true false 4 Long 0 0,First,#,WardBoundary,Administra,-1,-1;Administ_1 "Administ_1" true true false 10 Text 0 0,First,#,WardBoundary,Administ_1,0,10;Administ_2 "Administ_2" true true false 10 Text 0 0,First,#,WardBoundary,Administ_2,0,10;Administ_3 "Administ_3" true true false 150 Text 0 0,First,#,WardBoundary,Administ_3,0,150;Administ_4 "Administ_4" true true false 4 Text 0 0,First,#,WardBoundary,Administ_4,0,4;Administ_5 "Administ_5" true true false 254 Text 0 0,First,#,WardBoundary,Administ_5,0,254;Administ_6 "Administ_6" true true false 8 Date 0 0,First,#,WardBoundary,Administ_6,-1,-1;Administ_7 "Administ_7" true true false 254 Text 0 0,First,#,WardBoundary,Administ_7,0,254;Administ_8 "Administ_8" true true false 8 Date 0 0,First,#,WardBoundary,Administ_8,-1,-1;Administ_9 "Administ_9" true true false 4 Long 0 0,First,#,WardBoundary,Administ_9,-1,-1;Adminis_10 "Adminis_10" true true false 4 Long 0 0,First,#,WardBoundary,Adminis_10,-1,-1;Adminis_11 "Adminis_11" true true false 4 Text 0 0,First,#,WardBoundary,Adminis_11,0,4;Adminis_12 "Adminis_12" true true false 100 Text 0 0,First,#,WardBoundary,Adminis_12,0,100;Adminis_13 "Adminis_13" true true false 50 Text 0 0,First,#,WardBoundary,Adminis_13,0,50;Adminis_14 "Adminis_14" true true false 2 Text 0 0,First,#,WardBoundary,Adminis_14,0,2;Adminis_15 "Adminis_15" true true false 254 Text 0 0,First,#,WardBoundary,Adminis_15,0,254;Adminis_16 "Adminis_16" true true false 8 Date 0 0,First,#,WardBoundary,Adminis_16,-1,-1;Adminis_17 "Adminis_17" true true false 254 Text 0 0,First,#,WardBoundary,Adminis_17,0,254;Adminis_18 "Adminis_18" true true false 8 Date 0 0,First,#,WardBoundary,Adminis_18,-1,-1;Shape_Length "Shape_Length" false true true 8 Double 0 0,First,#,WardBoundary,Shape_Length,-1,-1;Shape_Area "Shape_Area" false true true 8 Double 0 0,First,#,WardBoundary,Shape_Area,-1,-1" #</Process></lineage><LayerFile>{"type":"CIMLayerDocument","version":"2.7.0","build":26828,"layers":["CIMPATH=Map1/73826b511ccb42eaa3d0372181285cd3.xml"],"layerDefinitions":[{"type":"CIMFeatureLayer","name":"WardBoundary","uRI":"CIMPATH=Map1/73826b511ccb42eaa3d0372181285cd3.xml","sourceModifiedTime":{"type":"TimeInstant"},"useSourceMetadata":true,"description":"BagalkotDistrictWards","layerElevation":{"type":"CIMLayerElevationSurface","mapElevationID":"{4A88FFAB-CC16-4CA4-8DE6-7FFF8DF2DEBC}"},"expanded":true,"layerType":"Operational","showLegends":true,"visibility":true,"displayCacheType":"Permanent","maxDisplayCacheAge":5,"showPopups":true,"serviceLayerID":-1,"refreshRate":-1,"refreshRateUnit":"esriTimeUnitsSeconds","blendingMode":"Alpha","autoGenerateFeatureTemplates":true,"featureElevationExpression":"0","featureTable":{"type":"CIMFeatureTable","displayField":"Administra","editable":true,"dataConnection":{"type":"CIMStandardDataConnection","workspaceConnectionString":"DATABASE=D:\\KarnatakaStateGeoHub\\Data\\Admin Boundaries\\WardData\\AllWardBoundaries","workspaceFactory":"Shapefile","dataset":"WardBoundary","datasetType":"esriDTFeatureClass"},"studyAreaSpatialRel":"esriSpatialRelUndefined","searchOrder":"esriSearchOrderSpatial"},"htmlPopupEnabled":true,"selectable":true,"featureCacheType":"Session","displayFiltersType":"ByScale","featureBlendingMode":"Alpha","labelClasses":[{"type":"CIMLabelClass","expressionTitle":"Custom","expression":"$feature.Administra","expressionEngine":"Arcade","featuresToLabel":"AllVisibleFeatures","maplexLabelPlacementProperties":{"type":"CIMMaplexLabelPlacementProperties","featureType":"Polygon","avoidPolygonHoles":true,"canOverrunFeature":true,"canPlaceLabelOutsidePolygon":true,"canRemoveOverlappingLabel":true,"canStackLabel":true,"connectionType":"Unambiguous","constrainOffset":"NoConstraint","contourAlignmentType":"Page","contourLadderType":"Straight","contourMaximumAngle":90,"enableConnection":true,"featureWeight":0,"fontHeightReductionLimit":4,"fontHeightReductionStep":0.5,"fontWidthReductionLimit":90,"fontWidthReductionStep":5,"graticuleAlignmentType":"Straight","keyNumberGroupName":"Default","labelBuffer":15,"labelLargestPolygon":true,"labelPriority":-1,"labelStackingProperties":{"type":"CIMMaplexLabelStackingProperties","stackAlignment":"ChooseBest","maximumNumberOfLines":3,"minimumNumberOfCharsPerLine":3,"maximumNumberOfCharsPerLine":24,"separators":[{"type":"CIMMaplexStackingSeparator","separator":" ","splitAfter":true},{"type":"CIMMaplexStackingSeparator","separator":",","visible":true,"splitAfter":true}]},"lineFeatureType":"General","linePlacementMethod":"OffsetCurvedFromLine","maximumLabelOverrun":80,"maximumLabelOverrunUnit":"Point","minimumFeatureSizeUnit":"Map","multiPartOption":"OneLabelPerPart","offsetAlongLineProperties":{"type":"CIMMaplexOffsetAlongLineProperties","placementMethod":"BestPositionAlongLine","labelAnchorPoint":"CenterOfLabel","distanceUnit":"Percentage","useLineDirection":true},"pointExternalZonePriorities":{"type":"CIMMaplexExternalZonePriorities","aboveLeft":4,"aboveCenter":2,"aboveRight":1,"centerRight":3,"belowRight":5,"belowCenter":7,"belowLeft":8,"centerLeft":6},"pointPlacementMethod":"AroundPoint","polygonAnchorPointType":"GeometricCenter","polygonBoundaryWeight":0,"polygonExternalZones":{"type":"CIMMaplexExternalZonePriorities","aboveLeft":4,"aboveCenter":2,"aboveRight":1,"centerRight":3,"belowRight":5,"belowCenter":7,"belowLeft":8,"centerLeft":6},"polygonFeatureType":"General","polygonInternalZones":{"type":"CIMMaplexInternalZonePriorities","center":1},"polygonPlacementMethod":"HorizontalInPolygon","primaryOffset":1,"primaryOffsetUnit":"Point","removeExtraWhiteSpace":true,"repetitionIntervalUnit":"Point","rotationProperties":{"type":"CIMMaplexRotationProperties","rotationType":"Arithmetic","alignmentType":"Straight"},"secondaryOffset":100,"strategyPriorities":{"type":"CIMMaplexStrategyPriorities","stacking":1,"overrun":2,"fontCompression":3,"fontReduction":4,"abbreviation":5},"thinningDistanceUnit":"Point","truncationMarkerCharacter":".","truncationMinimumLength":1,"truncationPreferredCharacters":"aeiou","truncationExcludedCharacters":"0123456789","polygonAnchorPointPerimeterInsetUnit":"Point"},"name":"Class 1","priority":-1,"standardLabelPlacementProperties":{"type":"CIMStandardLabelPlacementProperties","featureType":"Line","featureWeight":"None","labelWeight":"High","numLabelsOption":"OneLabelPerName","lineLabelPosition":{"type":"CIMStandardLineLabelPosition","above":true,"inLine":true,"parallel":true},"lineLabelPriorities":{"type":"CIMStandardLineLabelPriorities","aboveStart":3,"aboveAlong":3,"aboveEnd":3,"centerStart":3,"centerAlong":3,"centerEnd":3,"belowStart":3,"belowAlong":3,"belowEnd":3},"pointPlacementMethod":"AroundPoint","pointPlacementPriorities":{"type":"CIMStandardPointPlacementPriorities","aboveLeft":2,"aboveCenter":2,"aboveRight":1,"centerLeft":3,"centerRight":2,"belowLeft":3,"belowCenter":3,"belowRight":2},"rotationType":"Arithmetic","polygonPlacementMethod":"AlwaysHorizontal"},"textSymbol":{"type":"CIMSymbolReference","symbol":{"type":"CIMTextSymbol","blockProgression":"TTB","depth3D":1,"extrapolateBaselines":true,"fontEffects":"Normal","fontEncoding":"Unicode","fontFamilyName":"Tahoma","fontStyleName":"Regular","fontType":"Unspecified","haloSize":1,"height":10,"hinting":"Default","horizontalAlignment":"Left","kerning":true,"letterWidth":100,"ligatures":true,"lineGapType":"ExtraLeading","symbol":{"type":"CIMPolygonSymbol","symbolLayers":[{"type":"CIMSolidFill","enable":true,"color":{"type":"CIMRGBColor","values":[0,0,0,100]}}]},"textCase":"Normal","textDirection":"LTR","verticalAlignment":"Bottom","verticalGlyphOrientation":"Right","wordSpacing":100,"billboardMode3D":"FaceNearPlane"}},"useCodedValue":true,"visibility":true,"iD":-1}],"renderer":{"type":"CIMSimpleRenderer","patch":"Default","symbol":{"type":"CIMSymbolReference","symbol":{"type":"CIMPolygonSymbol","symbolLayers":[{"type":"CIMSolidStroke","enable":true,"capStyle":"Round","joinStyle":"Round","lineStyle3D":"Strip","miterLimit":10,"width":0.69999999999999996,"color":{"type":"CIMRGBColor","values":[110,110,110,100]}},{"type":"CIMSolidFill","enable":true,"color":{"type":"CIMRGBColor","values":[182.900000000000006,252.449999999999989,179.240000000000009,100]}}]}}},"scaleSymbols":true,"snappable":true}]}</LayerFile></DataProperties><SyncDate>20211014</SyncDate><SyncTime>15492300</SyncTime><ModDate>20211014</ModDate><ModTime>15492300</ModTime></Esri><dataIdInfo><envirDesc Sync="TRUE">Microsoft Windows 10 Version 10.0 (Build 18363) ; Esri ArcGIS 12.7.0.26828</envirDesc><dataLang><languageCode value="eng" Sync="TRUE"></languageCode><countryCode value="IND" Sync="TRUE"></countryCode></dataLang><idCitation><resTitle Sync="TRUE">WardBoundary</resTitle><presForm><PresFormCd value="005" Sync="TRUE"></PresFormCd></presForm></idCitation><spatRpType><SpatRepTypCd value="001" Sync="TRUE"></SpatRepTypCd></spatRpType></dataIdInfo><mdLang><languageCode value="eng" Sync="TRUE"></languageCode><countryCode value="IND" Sync="TRUE"></countryCode></mdLang><distInfo><distFormat><formatName Sync="TRUE">Shapefile</formatName></distFormat><distTranOps><transSize Sync="TRUE">0.000</transSize></distTranOps></distInfo><mdHrLv><ScopeCd value="005" Sync="TRUE"></ScopeCd></mdHrLv><mdHrLvName Sync="TRUE">dataset</mdHrLvName><refSysInfo><RefSystem><refSysID><identCode code="32643" Sync="TRUE"></identCode><idCodeSpace Sync="TRUE">EPSG</idCodeSpace><idVersion Sync="TRUE">2.1(3.0.1)</idVersion></refSysID></RefSystem></refSysInfo><spatRepInfo><VectSpatRep><geometObjs Name="WardBoundary"><geoObjTyp><GeoObjTypCd value="002" Sync="TRUE"></GeoObjTypCd></geoObjTyp><geoObjCnt Sync="TRUE">0</geoObjCnt></geometObjs><topLvl><TopoLevCd value="001" Sync="TRUE"></TopoLevCd></topLvl></VectSpatRep></spatRepInfo><spdoinfo><ptvctinf><esriterm Name="WardBoundary"><efeatyp Sync="TRUE">Simple</efeatyp><efeageom code="4" Sync="TRUE"></efeageom><esritopo Sync="TRUE">FALSE</esritopo><efeacnt Sync="TRUE">0</efeacnt><spindex Sync="TRUE">FALSE</spindex><linrefer Sync="TRUE">FALSE</linrefer></esriterm></ptvctinf></spdoinfo><eainfo><detailed Name="WardBoundary"><enttyp><enttypl Sync="TRUE">WardBoundary</enttypl><enttypt Sync="TRUE">Feature Class</enttypt><enttypc Sync="TRUE">0</enttypc></enttyp><attr><attrlabl Sync="TRUE">FID</attrlabl><attalias Sync="TRUE">FID</attalias><attrtype Sync="TRUE">OID</attrtype><attwidth Sync="TRUE">4</attwidth><atprecis Sync="TRUE">0</atprecis><attscale Sync="TRUE">0</attscale><attrdef Sync="TRUE">Internal feature number.</attrdef><attrdefs Sync="TRUE">Esri</attrdefs><attrdomv><udom Sync="TRUE">Sequential unique whole numbers that are automatically generated.</udom></attrdomv></attr><attr><attrlabl Sync="TRUE">Shape</attrlabl><attalias Sync="TRUE">Shape</attalias><attrtype Sync="TRUE">Geometry</attrtype><attwidth Sync="TRUE">0</attwidth><atprecis Sync="TRUE">0</atprecis><attscale Sync="TRUE">0</attscale><attrdef Sync="TRUE">Feature geometry.</attrdef><attrdefs Sync="TRUE">Esri</attrdefs><attrdomv><udom Sync="TRUE">Coordinates defining the features.</udom></attrdomv></attr><attr><attrlabl Sync="TRUE">Administra</attrlabl><attalias Sync="TRUE">Administra</attalias><attrtype Sync="TRUE">Integer</attrtype><attwidth Sync="TRUE">10</attwidth><atprecis Sync="TRUE">10</atprecis><attscale Sync="TRUE">0</attscale></attr><attr><attrlabl Sync="TRUE">Administ_1</attrlabl><attalias Sync="TRUE">Administ_1</attalias><attrtype Sync="TRUE">String</attrtype><attwidth Sync="TRUE">10</attwidth><atprecis Sync="TRUE">0</atprecis><attscale Sync="TRUE">0</attscale></attr><attr><attrlabl Sync="TRUE">Administ_2</attrlabl><attalias Sync="TRUE">Administ_2</attalias><attrtype Sync="TRUE">String</attrtype><attwidth Sync="TRUE">10</attwidth><atprecis Sync="TRUE">0</atprecis><attscale Sync="TRUE">0</attscale></attr><attr><attrlabl Sync="TRUE">Administ_3</attrlabl><attalias Sync="TRUE">Administ_3</attalias><attrtype Sync="TRUE">String</attrtype><attwidth Sync="TRUE">150</attwidth><atprecis Sync="TRUE">0</atprecis><attscale Sync="TRUE">0</attscale></attr><attr><attrlabl Sync="TRUE">Administ_4</attrlabl><attalias Sync="TRUE">Administ_4</attalias><attrtype Sync="TRUE">String</attrtype><attwidth Sync="TRUE">4</attwidth><atprecis Sync="TRUE">0</atprecis><attscale Sync="TRUE">0</attscale></attr><attr><attrlabl Sync="TRUE">Administ_5</attrlabl><attalias Sync="TRUE">Administ_5</attalias><attrtype Sync="TRUE">String</attrtype><attwidth Sync="TRUE">254</attwidth><atprecis Sync="TRUE">0</atprecis><attscale Sync="TRUE">0</attscale></attr><attr><attrlabl Sync="TRUE">Administ_6</attrlabl><attalias Sync="TRUE">Administ_6</attalias><attrtype Sync="TRUE">Date</attrtype><attwidth Sync="TRUE">8</attwidth><atprecis Sync="TRUE">0</atprecis><attscale Sync="TRUE">0</attscale></attr><attr><attrlabl Sync="TRUE">Administ_7</attrlabl><attalias Sync="TRUE">Administ_7</attalias><attrtype Sync="TRUE">String</attrtype><attwidth Sync="TRUE">254</attwidth><atprecis Sync="TRUE">0</atprecis><attscale Sync="TRUE">0</attscale></attr><attr><attrlabl Sync="TRUE">Administ_8</attrlabl><attalias Sync="TRUE">Administ_8</attalias><attrtype Sync="TRUE">Date</attrtype><attwidth Sync="TRUE">8</attwidth><atprecis Sync="TRUE">0</atprecis><attscale Sync="TRUE">0</attscale></attr><attr><attrlabl Sync="TRUE">Administ_9</attrlabl><attalias Sync="TRUE">Administ_9</attalias><attrtype Sync="TRUE">Integer</attrtype><attwidth Sync="TRUE">10</attwidth><atprecis Sync="TRUE">10</atprecis><attscale Sync="TRUE">0</attscale></attr><attr><attrlabl Sync="TRUE">Adminis_10</attrlabl><attalias Sync="TRUE">Adminis_10</attalias><attrtype Sync="TRUE">Integer</attrtype><attwidth Sync="TRUE">10</attwidth><atprecis Sync="TRUE">10</atprecis><attscale Sync="TRUE">0</attscale></attr><attr><attrlabl Sync="TRUE">Adminis_11</attrlabl><attalias Sync="TRUE">Adminis_11</attalias><attrtype Sync="TRUE">String</attrtype><attwidth Sync="TRUE">4</attwidth><atprecis Sync="TRUE">0</atprecis><attscale Sync="TRUE">0</attscale></attr><attr><attrlabl Sync="TRUE">Adminis_12</attrlabl><attalias Sync="TRUE">Adminis_12</attalias><attrtype Sync="TRUE">String</attrtype><attwidth Sync="TRUE">100</attwidth><atprecis Sync="TRUE">0</atprecis><attscale Sync="TRUE">0</attscale></attr><attr><attrlabl Sync="TRUE">Adminis_13</attrlabl><attalias Sync="TRUE">Adminis_13</attalias><attrtype Sync="TRUE">String</attrtype><attwidth Sync="TRUE">50</attwidth><atprecis Sync="TRUE">0</atprecis><attscale Sync="TRUE">0</attscale></attr><attr><attrlabl Sync="TRUE">Adminis_14</attrlabl><attalias Sync="TRUE">Adminis_14</attalias><attrtype Sync="TRUE">String</attrtype><attwidth Sync="TRUE">2</attwidth><atprecis Sync="TRUE">0</atprecis><attscale Sync="TRUE">0</attscale></attr><attr><attrlabl Sync="TRUE">Adminis_15</attrlabl><attalias Sync="TRUE">Adminis_15</attalias><attrtype Sync="TRUE">String</attrtype><attwidth Sync="TRUE">254</attwidth><atprecis Sync="TRUE">0</atprecis><attscale Sync="TRUE">0</attscale></attr><attr><attrlabl Sync="TRUE">Adminis_16</attrlabl><attalias Sync="TRUE">Adminis_16</attalias><attrtype Sync="TRUE">Date</attrtype><attwidth Sync="TRUE">8</attwidth><atprecis Sync="TRUE">0</atprecis><attscale Sync="TRUE">0</attscale></attr><attr><attrlabl Sync="TRUE">Adminis_17</attrlabl><attalias Sync="TRUE">Adminis_17</attalias><attrtype Sync="TRUE">String</attrtype><attwidth Sync="TRUE">254</attwidth><atprecis Sync="TRUE">0</atprecis><attscale Sync="TRUE">0</attscale></attr><attr><attrlabl Sync="TRUE">Adminis_18</attrlabl><attalias Sync="TRUE">Adminis_18</attalias><attrtype Sync="TRUE">Date</attrtype><attwidth Sync="TRUE">8</attwidth><atprecis Sync="TRUE">0</atprecis><attscale Sync="TRUE">0</attscale></attr><attr><attrlabl Sync="TRUE">Shape_Leng</attrlabl><attalias Sync="TRUE">Shape_Leng</attalias><attrtype Sync="TRUE">Double</attrtype><attwidth Sync="TRUE">19</attwidth><atprecis Sync="TRUE">0</atprecis><attscale Sync="TRUE">0</attscale></attr><attr><attrlabl Sync="TRUE">Shape_Area</attrlabl><attalias Sync="TRUE">Shape_Area</attalias><attrtype Sync="TRUE">Double</attrtype><attwidth Sync="TRUE">19</attwidth><atprecis Sync="TRUE">0</atprecis><attscale Sync="TRUE">0</attscale><attrdef Sync="TRUE">Area of feature in internal units squared.</attrdef><attrdefs Sync="TRUE">Esri</attrdefs><attrdomv><udom Sync="TRUE">Positive real numbers that are automatically generated.</udom></attrdomv></attr></detailed></eainfo><mdDateSt Sync="TRUE">20211014</mdDateSt></metadata>
