<metadata xml:lang="en"><Esri><CreaDate>20201214</CreaDate><CreaTime>11245000</CreaTime><ArcGISFormat>1.0</ArcGISFormat><SyncOnce>FALSE</SyncOnce><DataProperties><itemProps><itemName Sync="TRUE">KarnatakaDistrictTreeCover</itemName><imsContentType Sync="TRUE">002</imsContentType><itemLocation><linkage Sync="TRUE">file://\\TSDSPBAS1\D$\KarnatakaStateGeoHub\Data\Forest\KarnatakaDistrictTreeCover.shp</linkage><protocol Sync="TRUE">Local Area Network</protocol></itemLocation><itemSize Sync="TRUE">0.000</itemSize></itemProps><coordRef><type Sync="TRUE">Projected</type><geogcsn Sync="TRUE">GCS_WGS_1984</geogcsn><csUnits Sync="TRUE">Linear Unit: Meter (1.000000)</csUnits><projcsn Sync="TRUE">WGS_1984_UTM_Zone_43N</projcsn><peXml Sync="TRUE">&lt;ProjectedCoordinateSystem xsi:type='typens:ProjectedCoordinateSystem' xmlns:xsi='http://www.w3.org/2001/XMLSchema-instance' xmlns:xs='http://www.w3.org/2001/XMLSchema' xmlns:typens='http://www.esri.com/schemas/ArcGIS/2.7.0'&gt;&lt;WKT&gt;PROJCS[&amp;quot;WGS_1984_UTM_Zone_43N&amp;quot;,GEOGCS[&amp;quot;GCS_WGS_1984&amp;quot;,DATUM[&amp;quot;D_WGS_1984&amp;quot;,SPHEROID[&amp;quot;WGS_1984&amp;quot;,6378137.0,298.257223563]],PRIMEM[&amp;quot;Greenwich&amp;quot;,0.0],UNIT[&amp;quot;Degree&amp;quot;,0.0174532925199433]],PROJECTION[&amp;quot;Transverse_Mercator&amp;quot;],PARAMETER[&amp;quot;False_Easting&amp;quot;,500000.0],PARAMETER[&amp;quot;False_Northing&amp;quot;,0.0],PARAMETER[&amp;quot;Central_Meridian&amp;quot;,75.0],PARAMETER[&amp;quot;Scale_Factor&amp;quot;,0.9996],PARAMETER[&amp;quot;Latitude_Of_Origin&amp;quot;,0.0],UNIT[&amp;quot;Meter&amp;quot;,1.0],AUTHORITY[&amp;quot;EPSG&amp;quot;,32643]]&lt;/WKT&gt;&lt;XOrigin&gt;-5120900&lt;/XOrigin&gt;&lt;YOrigin&gt;-9998100&lt;/YOrigin&gt;&lt;XYScale&gt;450445547.3910538&lt;/XYScale&gt;&lt;ZOrigin&gt;-100000&lt;/ZOrigin&gt;&lt;ZScale&gt;10000&lt;/ZScale&gt;&lt;MOrigin&gt;-100000&lt;/MOrigin&gt;&lt;MScale&gt;10000&lt;/MScale&gt;&lt;XYTolerance&gt;0.001&lt;/XYTolerance&gt;&lt;ZTolerance&gt;0.001&lt;/ZTolerance&gt;&lt;MTolerance&gt;0.001&lt;/MTolerance&gt;&lt;HighPrecision&gt;true&lt;/HighPrecision&gt;&lt;WKID&gt;32643&lt;/WKID&gt;&lt;LatestWKID&gt;32643&lt;/LatestWKID&gt;&lt;/ProjectedCoordinateSystem&gt;</peXml></coordRef><lineage><Process ToolSource="c:\program files\arcgis\pro\Resources\ArcToolbox\toolboxes\Conversion Tools.tbx\FeatureClassToFeatureClass" Date="20211013" Time="174810">FeatureClassToFeatureClass District_Boundary D:\KarnatakaStateGeoHub\ArcProFiles\GeoServices\GeoServices.gdb\AdminBoundaries DistrictBoundary # "OBJECTID "OBJECTID" true true false 10 Long 0 10,First,#,District_Boundary,OBJECTID,-1,-1;KGISDistri "KGISDistri" true true false 2 Text 0 0,First,#,District_Boundary,KGISDistri,0,2;KGISDist_1 "KGISDist_1" true true false 30 Text 0 0,First,#,District_Boundary,KGISDist_1,0,30;BhuCodeDis "BhuCodeDis" true true false 2 Text 0 0,First,#,District_Boundary,BhuCodeDis,0,2;created_us "created_us" true true false 254 Text 0 0,First,#,District_Boundary,created_us,0,254;created_da "created_da" true true false 8 Date 0 0,First,#,District_Boundary,created_da,-1,-1;last_edite "last_edite" true true false 254 Text 0 0,First,#,District_Boundary,last_edite,0,254;last_edi_1 "last_edi_1" true true false 8 Date 0 0,First,#,District_Boundary,last_edi_1,-1,-1;SHAPE_STAr "SHAPE_STAr" true true false 19 Double 0 0,First,#,District_Boundary,SHAPE_STAr,-1,-1;SHAPE_STLe "SHAPE_STLe" true true false 19 Double 0 0,First,#,District_Boundary,SHAPE_STLe,-1,-1" #</Process><Process ToolSource="c:\program files\arcgis\pro\Resources\ArcToolbox\toolboxes\Conversion Tools.tbx\FeatureClassToFeatureClass" Date="20211112" Time="113524">FeatureClassToFeatureClass D:\KarnatakaStateGeoHub\ArcProFiles\GeoServices\GeoServices.gdb\AdminBoundaries\DistrictBoundary D:\KarnatakaStateGeoHub\ArcProFiles\GeoServices\GeoServices.gdb DistrictTreeCover # "OBJECTID "OBJECTID" true true false 4 Long 0 0,First,#,D:\KarnatakaStateGeoHub\ArcProFiles\GeoServices\GeoServices.gdb\AdminBoundaries\DistrictBoundary,OBJECTID,-1,-1;KGISDistri "KGISDistri" true true false 2 Text 0 0,First,#,D:\KarnatakaStateGeoHub\ArcProFiles\GeoServices\GeoServices.gdb\AdminBoundaries\DistrictBoundary,KGISDistri,0,2;KGISDist_1 "KGISDist_1" true true false 30 Text 0 0,First,#,D:\KarnatakaStateGeoHub\ArcProFiles\GeoServices\GeoServices.gdb\AdminBoundaries\DistrictBoundary,KGISDist_1,0,30;BhuCodeDis "BhuCodeDis" true true false 2 Text 0 0,First,#,D:\KarnatakaStateGeoHub\ArcProFiles\GeoServices\GeoServices.gdb\AdminBoundaries\DistrictBoundary,BhuCodeDis,0,2;created_us "created_us" true true false 254 Text 0 0,First,#,D:\KarnatakaStateGeoHub\ArcProFiles\GeoServices\GeoServices.gdb\AdminBoundaries\DistrictBoundary,created_us,0,254;created_da "created_da" true true false 8 Date 0 0,First,#,D:\KarnatakaStateGeoHub\ArcProFiles\GeoServices\GeoServices.gdb\AdminBoundaries\DistrictBoundary,created_da,-1,-1;last_edite "last_edite" true true false 254 Text 0 0,First,#,D:\KarnatakaStateGeoHub\ArcProFiles\GeoServices\GeoServices.gdb\AdminBoundaries\DistrictBoundary,last_edite,0,254;last_edi_1 "last_edi_1" true true false 8 Date 0 0,First,#,D:\KarnatakaStateGeoHub\ArcProFiles\GeoServices\GeoServices.gdb\AdminBoundaries\DistrictBoundary,last_edi_1,-1,-1;SHAPE_STAr "SHAPE_STAr" true true false 8 Double 0 0,First,#,D:\KarnatakaStateGeoHub\ArcProFiles\GeoServices\GeoServices.gdb\AdminBoundaries\DistrictBoundary,SHAPE_STAr,-1,-1;SHAPE_STLe "SHAPE_STLe" true true false 8 Double 0 0,First,#,D:\KarnatakaStateGeoHub\ArcProFiles\GeoServices\GeoServices.gdb\AdminBoundaries\DistrictBoundary,SHAPE_STLe,-1,-1;Shape_Length "Shape_Length" false true true 8 Double 0 0,First,#,D:\KarnatakaStateGeoHub\ArcProFiles\GeoServices\GeoServices.gdb\AdminBoundaries\DistrictBoundary,Shape_Length,-1,-1;Shape_Area "Shape_Area" false true true 8 Double 0 0,First,#,D:\KarnatakaStateGeoHub\ArcProFiles\GeoServices\GeoServices.gdb\AdminBoundaries\DistrictBoundary,Shape_Area,-1,-1" #</Process><Process ToolSource="c:\program files\arcgis\pro\Resources\ArcToolbox\toolboxes\Data Management Tools.tbx\DeleteField" Date="20211112" Time="113540">DeleteField DistrictTreeCover created_us</Process><Process ToolSource="c:\program files\arcgis\pro\Resources\ArcToolbox\toolboxes\Data Management Tools.tbx\DeleteField" Date="20211112" Time="113550">DeleteField DistrictTreeCover created_da</Process><Process ToolSource="c:\program files\arcgis\pro\Resources\ArcToolbox\toolboxes\Data Management Tools.tbx\DeleteField" Date="20211112" Time="113603">DeleteField DistrictTreeCover last_edite</Process><Process ToolSource="c:\program files\arcgis\pro\Resources\ArcToolbox\toolboxes\Data Management Tools.tbx\DeleteField" Date="20211112" Time="113646">DeleteField DistrictTreeCover last_edi_1</Process><Process ToolSource="c:\program files\arcgis\pro\Resources\ArcToolbox\toolboxes\Data Management Tools.tbx\DeleteField" Date="20211112" Time="113702">DeleteField DistrictTreeCover SHAPE_STAr</Process><Process ToolSource="c:\program files\arcgis\pro\Resources\ArcToolbox\toolboxes\Data Management Tools.tbx\DeleteField" Date="20211112" Time="113709">DeleteField DistrictTreeCover SHAPE_STLe</Process><Process ToolSource="c:\program files\arcgis\pro\Resources\ArcToolbox\toolboxes\Data Management Tools.tbx\JoinField" Date="20211112" Time="113925">JoinField DistrictTreeCover BhuCodeDis treecover BhuCodeDis #</Process><Process ToolSource="c:\program files\arcgis\pro\Resources\ArcToolbox\toolboxes\Data Management Tools.tbx\DeleteField" Date="20211112" Time="114011">DeleteField DistrictTreeCover KGISDist_1</Process><Process ToolSource="c:\program files\arcgis\pro\Resources\ArcToolbox\toolboxes\Data Management Tools.tbx\DeleteField" Date="20211112" Time="114019">DeleteField DistrictTreeCover KGISDistri_1</Process><Process ToolSource="c:\program files\arcgis\pro\Resources\ArcToolbox\toolboxes\Conversion Tools.tbx\FeatureClassToFeatureClass" Date="20211118" Time="181816">FeatureClassToFeatureClass DistrictTreeCover D:\KarnatakaStateGeoHub\Data\Forest KarnatakaDistrictTreeCover.shp # "OBJECTID "OBJECTID" true true false 4 Long 0 0,First,#,DistrictTreeCover,OBJECTID,-1,-1;KGISDistri "KGISDistri" true true false 2 Text 0 0,First,#,DistrictTreeCover,KGISDistri,0,2;BhuCodeDis "BhuCodeDis" true true false 2 Text 0 0,First,#,DistrictTreeCover,BhuCodeDis,0,2;Shape_Length "Shape_Length" false true true 8 Double 0 0,First,#,DistrictTreeCover,Shape_Length,-1,-1;Shape_Area "Shape_Area" false true true 8 Double 0 0,First,#,DistrictTreeCover,Shape_Area,-1,-1;KGISDist "KGISDist" true true false 255 Text 0 0,First,#,DistrictTreeCover,KGISDist,0,255;BhuCodeDis_1 "BhuCodeDis" true true false 255 Text 0 0,First,#,DistrictTreeCover,BhuCodeDis_1,0,255;area__ha "area__ha " true true false 8 Double 0 0,First,#,DistrictTreeCover,area__ha,-1,-1;umd_tree_cover_extent_2010__ha "umd_tree_cover_extent_2010__ha " true true false 8 Double 0 0,First,#,DistrictTreeCover,umd_tree_cover_extent_2010__ha,-1,-1;plantation_umd_tree_cover_extent_2010__ha "plantation_umd_tree_cover_extent_2010__ha " true true false 8 Double 0 0,First,#,DistrictTreeCover,plantation_umd_tree_cover_extent_2010__ha,-1,-1" #</Process></lineage><LayerFile>{"type":"CIMLayerDocument","version":"2.7.0","build":26828,"layers":["CIMPATH=PMGSY/f042634a4e674ac3bf87dd0b61662bfc.xml"],"layerDefinitions":[{"type":"CIMFeatureLayer","name":"KarnatakaDistrictTreeCover","uRI":"CIMPATH=PMGSY/f042634a4e674ac3bf87dd0b61662bfc.xml","sourceModifiedTime":{"type":"TimeInstant"},"useSourceMetadata":true,"description":"DistrictTreeCover","layerElevation":{"type":"CIMLayerElevationSurface","mapElevationID":"{EBF4E3D9-EBFF-4C28-B137-D294554DAB29}"},"expanded":true,"layerType":"Operational","showLegends":true,"visibility":true,"displayCacheType":"Permanent","maxDisplayCacheAge":5,"showPopups":true,"serviceLayerID":-1,"refreshRate":-1,"refreshRateUnit":"esriTimeUnitsSeconds","blendingMode":"Alpha","autoGenerateFeatureTemplates":true,"featureElevationExpression":"0","featureTable":{"type":"CIMFeatureTable","displayField":"OBJECTID","editable":true,"dataConnection":{"type":"CIMStandardDataConnection","workspaceConnectionString":"DATABASE=D:\\KarnatakaStateGeoHub\\Data\\Forest","workspaceFactory":"Shapefile","dataset":"KarnatakaDistrictTreeCover","datasetType":"esriDTFeatureClass"},"studyAreaSpatialRel":"esriSpatialRelUndefined","searchOrder":"esriSearchOrderSpatial"},"htmlPopupEnabled":true,"selectable":true,"featureCacheType":"Session","displayFiltersType":"ByScale","featureBlendingMode":"Alpha","labelClasses":[{"type":"CIMLabelClass","expressionTitle":"Custom","expression":"$feature.OBJECTID","expressionEngine":"Arcade","featuresToLabel":"AllVisibleFeatures","maplexLabelPlacementProperties":{"type":"CIMMaplexLabelPlacementProperties","featureType":"Polygon","avoidPolygonHoles":true,"canOverrunFeature":true,"canPlaceLabelOutsidePolygon":true,"canRemoveOverlappingLabel":true,"canStackLabel":true,"connectionType":"Unambiguous","constrainOffset":"NoConstraint","contourAlignmentType":"Page","contourLadderType":"Straight","contourMaximumAngle":90,"enableConnection":true,"featureWeight":0,"fontHeightReductionLimit":4,"fontHeightReductionStep":0.5,"fontWidthReductionLimit":90,"fontWidthReductionStep":5,"graticuleAlignmentType":"Straight","keyNumberGroupName":"Default","labelBuffer":15,"labelLargestPolygon":true,"labelPriority":-1,"labelStackingProperties":{"type":"CIMMaplexLabelStackingProperties","stackAlignment":"ChooseBest","maximumNumberOfLines":3,"minimumNumberOfCharsPerLine":3,"maximumNumberOfCharsPerLine":24,"separators":[{"type":"CIMMaplexStackingSeparator","separator":" ","splitAfter":true},{"type":"CIMMaplexStackingSeparator","separator":",","visible":true,"splitAfter":true}]},"lineFeatureType":"General","linePlacementMethod":"OffsetCurvedFromLine","maximumLabelOverrun":80,"maximumLabelOverrunUnit":"Point","minimumFeatureSizeUnit":"Map","multiPartOption":"OneLabelPerPart","offsetAlongLineProperties":{"type":"CIMMaplexOffsetAlongLineProperties","placementMethod":"BestPositionAlongLine","labelAnchorPoint":"CenterOfLabel","distanceUnit":"Percentage","useLineDirection":true},"pointExternalZonePriorities":{"type":"CIMMaplexExternalZonePriorities","aboveLeft":4,"aboveCenter":2,"aboveRight":1,"centerRight":3,"belowRight":5,"belowCenter":7,"belowLeft":8,"centerLeft":6},"pointPlacementMethod":"AroundPoint","polygonAnchorPointType":"GeometricCenter","polygonBoundaryWeight":0,"polygonExternalZones":{"type":"CIMMaplexExternalZonePriorities","aboveLeft":4,"aboveCenter":2,"aboveRight":1,"centerRight":3,"belowRight":5,"belowCenter":7,"belowLeft":8,"centerLeft":6},"polygonFeatureType":"General","polygonInternalZones":{"type":"CIMMaplexInternalZonePriorities","center":1},"polygonPlacementMethod":"HorizontalInPolygon","primaryOffset":1,"primaryOffsetUnit":"Point","removeExtraWhiteSpace":true,"repetitionIntervalUnit":"Point","rotationProperties":{"type":"CIMMaplexRotationProperties","rotationType":"Arithmetic","alignmentType":"Straight"},"secondaryOffset":100,"strategyPriorities":{"type":"CIMMaplexStrategyPriorities","stacking":1,"overrun":2,"fontCompression":3,"fontReduction":4,"abbreviation":5},"thinningDistanceUnit":"Point","truncationMarkerCharacter":".","truncationMinimumLength":1,"truncationPreferredCharacters":"aeiou","truncationExcludedCharacters":"0123456789","polygonAnchorPointPerimeterInsetUnit":"Point"},"name":"Class 1","priority":-1,"standardLabelPlacementProperties":{"type":"CIMStandardLabelPlacementProperties","featureType":"Line","featureWeight":"None","labelWeight":"High","numLabelsOption":"OneLabelPerName","lineLabelPosition":{"type":"CIMStandardLineLabelPosition","above":true,"inLine":true,"parallel":true},"lineLabelPriorities":{"type":"CIMStandardLineLabelPriorities","aboveStart":3,"aboveAlong":3,"aboveEnd":3,"centerStart":3,"centerAlong":3,"centerEnd":3,"belowStart":3,"belowAlong":3,"belowEnd":3},"pointPlacementMethod":"AroundPoint","pointPlacementPriorities":{"type":"CIMStandardPointPlacementPriorities","aboveLeft":2,"aboveCenter":2,"aboveRight":1,"centerLeft":3,"centerRight":2,"belowLeft":3,"belowCenter":3,"belowRight":2},"rotationType":"Arithmetic","polygonPlacementMethod":"AlwaysHorizontal"},"textSymbol":{"type":"CIMSymbolReference","symbol":{"type":"CIMTextSymbol","blockProgression":"TTB","depth3D":1,"extrapolateBaselines":true,"fontEffects":"Normal","fontEncoding":"Unicode","fontFamilyName":"Tahoma","fontStyleName":"Regular","fontType":"Unspecified","haloSize":1,"height":10,"hinting":"Default","horizontalAlignment":"Left","kerning":true,"letterWidth":100,"ligatures":true,"lineGapType":"ExtraLeading","symbol":{"type":"CIMPolygonSymbol","symbolLayers":[{"type":"CIMSolidFill","enable":true,"color":{"type":"CIMRGBColor","values":[0,0,0,100]}}]},"textCase":"Normal","textDirection":"LTR","verticalAlignment":"Bottom","verticalGlyphOrientation":"Right","wordSpacing":100,"billboardMode3D":"FaceNearPlane"}},"useCodedValue":true,"visibility":true,"iD":-1}],"renderer":{"type":"CIMSimpleRenderer","patch":"Default","symbol":{"type":"CIMSymbolReference","symbol":{"type":"CIMPolygonSymbol","symbolLayers":[{"type":"CIMSolidStroke","enable":true,"capStyle":"Round","joinStyle":"Round","lineStyle3D":"Strip","miterLimit":10,"width":0.69999999999999996,"color":{"type":"CIMRGBColor","values":[110,110,110,100]}},{"type":"CIMSolidFill","enable":true,"color":{"type":"CIMRGBColor","values":[199.44,217.990000000000009,252.449999999999989,100]}}]}}},"scaleSymbols":true,"snappable":true}]}</LayerFile></DataProperties><SyncDate>20211118</SyncDate><SyncTime>18181600</SyncTime><ModDate>20211118</ModDate><ModTime>18181600</ModTime></Esri><dataIdInfo><envirDesc Sync="TRUE">Microsoft Windows 10 Version 10.0 (Build 18363) ; Esri ArcGIS 12.7.0.26828</envirDesc><dataLang><languageCode value="eng" Sync="TRUE"/><countryCode value="IND" Sync="TRUE"/></dataLang><idCitation><resTitle Sync="TRUE">KarnatakaDistrictTreeCover</resTitle><presForm><PresFormCd value="005" Sync="TRUE"/></presForm></idCitation><spatRpType><SpatRepTypCd value="001" Sync="TRUE"/></spatRpType></dataIdInfo><mdLang><languageCode value="eng" Sync="TRUE"/><countryCode value="IND" Sync="TRUE"/></mdLang><distInfo><distFormat><formatName Sync="TRUE">Shapefile</formatName></distFormat><distTranOps><transSize Sync="TRUE">0.000</transSize></distTranOps></distInfo><mdHrLv><ScopeCd value="005" Sync="TRUE"/></mdHrLv><mdHrLvName Sync="TRUE">dataset</mdHrLvName><refSysInfo><RefSystem><refSysID><identCode code="32643" Sync="TRUE"/><idCodeSpace Sync="TRUE">EPSG</idCodeSpace><idVersion Sync="TRUE">2.1(3.0.1)</idVersion></refSysID></RefSystem></refSysInfo><spatRepInfo><VectSpatRep><geometObjs Name="KarnatakaDistrictTreeCover"><geoObjTyp><GeoObjTypCd value="002" Sync="TRUE"></GeoObjTypCd></geoObjTyp><geoObjCnt Sync="TRUE">0</geoObjCnt></geometObjs><topLvl><TopoLevCd value="001" Sync="TRUE"></TopoLevCd></topLvl></VectSpatRep></spatRepInfo><spdoinfo><ptvctinf><esriterm Name="KarnatakaDistrictTreeCover"><efeatyp Sync="TRUE">Simple</efeatyp><efeageom code="4" Sync="TRUE"></efeageom><esritopo Sync="TRUE">FALSE</esritopo><efeacnt Sync="TRUE">0</efeacnt><spindex Sync="TRUE">FALSE</spindex><linrefer Sync="TRUE">FALSE</linrefer></esriterm></ptvctinf></spdoinfo><eainfo><detailed Name="KarnatakaDistrictTreeCover"><enttyp><enttypl Sync="TRUE">KarnatakaDistrictTreeCover</enttypl><enttypt Sync="TRUE">Feature Class</enttypt><enttypc Sync="TRUE">0</enttypc></enttyp><attr><attrlabl Sync="TRUE">FID</attrlabl><attalias Sync="TRUE">FID</attalias><attrtype Sync="TRUE">OID</attrtype><attwidth Sync="TRUE">4</attwidth><atprecis Sync="TRUE">0</atprecis><attscale Sync="TRUE">0</attscale><attrdef Sync="TRUE">Internal feature number.</attrdef><attrdefs Sync="TRUE">Esri</attrdefs><attrdomv><udom Sync="TRUE">Sequential unique whole numbers that are automatically generated.</udom></attrdomv></attr><attr><attrlabl Sync="TRUE">OBJECTID</attrlabl><attalias Sync="TRUE">OBJECTID</attalias><attrtype Sync="TRUE">Integer</attrtype><attwidth Sync="TRUE">10</attwidth><atprecis Sync="TRUE">10</atprecis><attscale Sync="TRUE">0</attscale><attrdef Sync="TRUE">Internal feature number.</attrdef><attrdefs Sync="TRUE">Esri</attrdefs><attrdomv><udom Sync="TRUE">Sequential unique whole numbers that are automatically generated.</udom></attrdomv></attr><attr><attrlabl Sync="TRUE">SHAPE</attrlabl><attalias Sync="TRUE">Shape</attalias><attrtype Sync="TRUE">Geometry</attrtype><attwidth Sync="TRUE">0</attwidth><atprecis Sync="TRUE">0</atprecis><attscale Sync="TRUE">0</attscale><attrdef Sync="TRUE">Feature geometry.</attrdef><attrdefs Sync="TRUE">Esri</attrdefs><attrdomv><udom Sync="TRUE">Coordinates defining the features.</udom></attrdomv></attr><attr><attrlabl Sync="TRUE">KGISDistri</attrlabl><attalias Sync="TRUE">KGISDistri</attalias><attrtype Sync="TRUE">String</attrtype><attwidth Sync="TRUE">2</attwidth><atprecis Sync="TRUE">0</atprecis><attscale Sync="TRUE">0</attscale></attr><attr><attrlabl Sync="TRUE">BhuCodeDis</attrlabl><attalias Sync="TRUE">BhuCodeDis</attalias><attrtype Sync="TRUE">String</attrtype><attwidth Sync="TRUE">2</attwidth><atprecis Sync="TRUE">0</atprecis><attscale Sync="TRUE">0</attscale></attr><attr><attrlabl Sync="TRUE">Shape_Leng</attrlabl><attalias Sync="TRUE">Shape_Leng</attalias><attrtype Sync="TRUE">Double</attrtype><attwidth Sync="TRUE">19</attwidth><atprecis Sync="TRUE">0</atprecis><attscale Sync="TRUE">0</attscale></attr><attr><attrlabl Sync="TRUE">Shape_Area</attrlabl><attalias Sync="TRUE">Shape_Area</attalias><attrtype Sync="TRUE">Double</attrtype><attwidth Sync="TRUE">19</attwidth><atprecis Sync="TRUE">0</atprecis><attscale Sync="TRUE">0</attscale><attrdef Sync="TRUE">Area of feature in internal units squared.</attrdef><attrdefs Sync="TRUE">Esri</attrdefs><attrdomv><udom Sync="TRUE">Positive real numbers that are automatically generated.</udom></attrdomv></attr><attr><attrlabl Sync="TRUE">KGISDist</attrlabl><attalias Sync="TRUE">KGISDist</attalias><attrtype Sync="TRUE">String</attrtype><attwidth Sync="TRUE">254</attwidth><atprecis Sync="TRUE">0</atprecis><attscale Sync="TRUE">0</attscale></attr><attr><attrlabl Sync="TRUE">BhuCodeD_1</attrlabl><attalias Sync="TRUE">BhuCodeD_1</attalias><attrtype Sync="TRUE">String</attrtype><attwidth Sync="TRUE">254</attwidth><atprecis Sync="TRUE">0</atprecis><attscale Sync="TRUE">0</attscale></attr><attr><attrlabl Sync="TRUE">area__ha</attrlabl><attalias Sync="TRUE">area__ha</attalias><attrtype Sync="TRUE">Double</attrtype><attwidth Sync="TRUE">19</attwidth><atprecis Sync="TRUE">0</atprecis><attscale Sync="TRUE">0</attscale></attr><attr><attrlabl Sync="TRUE">umd_tree_c</attrlabl><attalias Sync="TRUE">umd_tree_c</attalias><attrtype Sync="TRUE">Double</attrtype><attwidth Sync="TRUE">19</attwidth><atprecis Sync="TRUE">0</atprecis><attscale Sync="TRUE">0</attscale></attr><attr><attrlabl Sync="TRUE">plantation</attrlabl><attalias Sync="TRUE">plantation</attalias><attrtype Sync="TRUE">Double</attrtype><attwidth Sync="TRUE">19</attwidth><atprecis Sync="TRUE">0</atprecis><attscale Sync="TRUE">0</attscale></attr></detailed></eainfo><mdDateSt Sync="TRUE">20211118</mdDateSt></metadata>
