<?xml version="1.0" encoding="UTF-8"?>
<metadata xml:lang="en"><Esri><CreaDate>20200918</CreaDate><CreaTime>17054300</CreaTime><ArcGISFormat>1.0</ArcGISFormat><SyncOnce>TRUE</SyncOnce><DataProperties><lineage><Process ToolSource="c:\program files (x86)\arcgis\desktop10.1\ArcToolbox\Toolboxes\Data Management Tools.tbx\CalculateField" Date="20180915" Time="183829">CalculateField "Assembly Constituency Boundary" Parlimentary_name "Bangalore Rural" VB #</Process></lineage><itemProps><itemLocation><linkage Sync="TRUE">Server=192.168.1.23; Service=sde:sqlserver:192.168.1.23; Database=AdministrativeBoundaries; User=sa; Version=sde.DEFAULT</linkage><protocol Sync="TRUE">ArcSDE Connection</protocol></itemLocation></itemProps></DataProperties></Esri></metadata>
